CREATE TABLE "BJ991090"."AIRCRAFT"
(	"AIRCRAFTNO" NUMBER,
     "MANUFACTURERNO" NUMBER,
     "MODEL" VARCHAR2(32 BYTE)
) SEGMENT CREATION IMMEDIATE
  PCTFREE 10 PCTUSED 40 INITRANS 1 MAXTRANS 255 NOCOMPRESS LOGGING
  STORAGE(INITIAL 65536 NEXT 65536 MINEXTENTS 1 MAXEXTENTS 2147483645
  PCTINCREASE 0 FREELISTS 1 FREELIST GROUPS 1 BUFFER_POOL DEFAULT FLASH_CACHE DEFAULT CELL_FLASH_CACHE DEFAULT)
   ;
--------------------------------------------------------
--  DDL for Table AIRLINE
--------------------------------------------------------

CREATE TABLE "BJ991090"."AIRLINE"
(	"AIRLINENO" NUMBER,
     "NAME" VARCHAR2(64 BYTE)
) SEGMENT CREATION IMMEDIATE
  PCTFREE 10 PCTUSED 40 INITRANS 1 MAXTRANS 255 NOCOMPRESS LOGGING
  STORAGE(INITIAL 65536 NEXT 65536 MINEXTENTS 1 MAXEXTENTS 2147483645
  PCTINCREASE 0 FREELISTS 1 FREELIST GROUPS 1 BUFFER_POOL DEFAULT FLASH_CACHE DEFAULT CELL_FLASH_CACHE DEFAULT)
   ;
--------------------------------------------------------
--  DDL for Table AIRPORT
--------------------------------------------------------

CREATE TABLE "BJ991090"."AIRPORT"
(	"AIRPORTNO" NUMBER,
     "CITYNO" NUMBER,
     "IATACODE" VARCHAR2(3 BYTE),
     "NAME" VARCHAR2(92 BYTE)
) SEGMENT CREATION IMMEDIATE
  PCTFREE 10 PCTUSED 40 INITRANS 1 MAXTRANS 255 NOCOMPRESS LOGGING
  STORAGE(INITIAL 65536 NEXT 65536 MINEXTENTS 1 MAXEXTENTS 2147483645
  PCTINCREASE 0 FREELISTS 1 FREELIST GROUPS 1 BUFFER_POOL DEFAULT FLASH_CACHE DEFAULT CELL_FLASH_CACHE DEFAULT)
   ;
--------------------------------------------------------
--  DDL for Table CITY
--------------------------------------------------------

CREATE TABLE "BJ991090"."CITY"
(	"CITYNO" NUMBER,
     "COUNTRYNO" NUMBER,
     "NAME" VARCHAR2(32 BYTE),
     "LATITUDE" NUMBER(8,6),
     "LONGITUDE" NUMBER(9,6)
) SEGMENT CREATION IMMEDIATE
  PCTFREE 10 PCTUSED 40 INITRANS 1 MAXTRANS 255 NOCOMPRESS LOGGING
  STORAGE(INITIAL 65536 NEXT 65536 MINEXTENTS 1 MAXEXTENTS 2147483645
  PCTINCREASE 0 FREELISTS 1 FREELIST GROUPS 1 BUFFER_POOL DEFAULT FLASH_CACHE DEFAULT CELL_FLASH_CACHE DEFAULT)
   ;
--------------------------------------------------------
--  DDL for Table COUNTRY
--------------------------------------------------------

CREATE TABLE "BJ991090"."COUNTRY"
(	"COUNTRYNO" NUMBER,
     "NAME" VARCHAR2(32 BYTE)
) SEGMENT CREATION IMMEDIATE
  PCTFREE 10 PCTUSED 40 INITRANS 1 MAXTRANS 255 NOCOMPRESS LOGGING
  STORAGE(INITIAL 65536 NEXT 65536 MINEXTENTS 1 MAXEXTENTS 2147483645
  PCTINCREASE 0 FREELISTS 1 FREELIST GROUPS 1 BUFFER_POOL DEFAULT FLASH_CACHE DEFAULT CELL_FLASH_CACHE DEFAULT)
   ;
--------------------------------------------------------
--  DDL for Table FLIGHT
--------------------------------------------------------

CREATE TABLE "BJ991090"."FLIGHT"
(	"FLIGHTNO" NUMBER,
     "DEPARTURETIME" VARCHAR2(5 BYTE),
     "ARRIVALTIME" VARCHAR2(5 BYTE),
     "AIRPORTDEPARTURENO" NUMBER,
     "AIRPORTARRIVALNO" NUMBER,
     "AIRCRAFTNO" NUMBER,
     "AIRLINENO" NUMBER,
     "DEPARTUREDATE" DATE,
     "ARRIVALDATE" DATE
) SEGMENT CREATION IMMEDIATE
  PCTFREE 10 PCTUSED 40 INITRANS 1 MAXTRANS 255 NOCOMPRESS LOGGING
  STORAGE(INITIAL 65536 NEXT 65536 MINEXTENTS 1 MAXEXTENTS 2147483645
  PCTINCREASE 0 FREELISTS 1 FREELIST GROUPS 1 BUFFER_POOL DEFAULT FLASH_CACHE DEFAULT CELL_FLASH_CACHE DEFAULT)
   ;
--------------------------------------------------------
--  DDL for Table MANUFACTURER
--------------------------------------------------------

CREATE TABLE "BJ991090"."MANUFACTURER"
(	"MANUFACTURERNO" NUMBER,
     "NAME" VARCHAR2(32 BYTE)
) SEGMENT CREATION IMMEDIATE
  PCTFREE 10 PCTUSED 40 INITRANS 1 MAXTRANS 255 NOCOMPRESS LOGGING
  STORAGE(INITIAL 65536 NEXT 65536 MINEXTENTS 1 MAXEXTENTS 2147483645
  PCTINCREASE 0 FREELISTS 1 FREELIST GROUPS 1 BUFFER_POOL DEFAULT FLASH_CACHE DEFAULT CELL_FLASH_CACHE DEFAULT)
   ;
--------------------------------------------------------
--  DDL for Table VOLS
--------------------------------------------------------

CREATE TABLE "BJ991090"."VOLS"
(	"NOVOL" NUMBER(*,0),
     "AERODEP" VARCHAR2(100 BYTE),
     "AEROARR" VARCHAR2(100 BYTE),
     "VILLEAERODEP" VARCHAR2(100 BYTE),
     "VILLEAEROARRIV" VARCHAR2(100 BYTE),
     "PAYSDEP" VARCHAR2(40 BYTE),
     "PAYSARRIV" VARCHAR2(40 BYTE),
     "DATEDEPART" DATE,
     "DATEARRIVE" DATE,
     "HEUREDEPART" CHAR(5 BYTE),
	"HEUREARRIV" CHAR(5 BYTE),
	"MODELAVION" CHAR(6 BYTE),
	"NUMEROSERIEAVION" VARCHAR2(10 BYTE),
	"IATA" CHAR(3 BYTE),
	"IMMATRIC" VARCHAR2(50 BYTE),
	"DEPCOOR" VARCHAR2(50 BYTE),
	"ARRCOOR" VARCHAR2(50 BYTE),
	"AIRLINE" VARCHAR2(50 BYTE),
	"TEMPSVOL" CHAR(5 BYTE)
   ) SEGMENT CREATION IMMEDIATE
  PCTFREE 10 PCTUSED 40 INITRANS 1 MAXTRANS 255 NOCOMPRESS LOGGING
  STORAGE(INITIAL 65536 NEXT 65536 MINEXTENTS 1 MAXEXTENTS 2147483645
  PCTINCREASE 0 FREELISTS 1 FREELIST GROUPS 1 BUFFER_POOL DEFAULT FLASH_CACHE DEFAULT CELL_FLASH_CACHE DEFAULT)
   ;
REM INSERTING into BJ991090.AIRCRAFT
SET DEFINE OFF;
Insert into BJ991090.AIRCRAFT (AIRCRAFTNO,MANUFACTURERNO,MODEL) values ('1','2','787-9');
Insert into BJ991090.AIRCRAFT (AIRCRAFTNO,MANUFACTURERNO,MODEL) values ('2','2','747-200F');
Insert into BJ991090.AIRCRAFT (AIRCRAFTNO,MANUFACTURERNO,MODEL) values ('3','1','A319');
Insert into BJ991090.AIRCRAFT (AIRCRAFTNO,MANUFACTURERNO,MODEL) values ('4','1','A300-600');
Insert into BJ991090.AIRCRAFT (AIRCRAFTNO,MANUFACTURERNO,MODEL) values ('5','2','720B');
Insert into BJ991090.AIRCRAFT (AIRCRAFTNO,MANUFACTURERNO,MODEL) values ('6','1','A380-800');
Insert into BJ991090.AIRCRAFT (AIRCRAFTNO,MANUFACTURERNO,MODEL) values ('7','2','747SP');
Insert into BJ991090.AIRCRAFT (AIRCRAFTNO,MANUFACTURERNO,MODEL) values ('8','2','787-10');
Insert into BJ991090.AIRCRAFT (AIRCRAFTNO,MANUFACTURERNO,MODEL) values ('9','2','777-300');
Insert into BJ991090.AIRCRAFT (AIRCRAFTNO,MANUFACTURERNO,MODEL) values ('10','1','A220-300');
Insert into BJ991090.AIRCRAFT (AIRCRAFTNO,MANUFACTURERNO,MODEL) values ('11','1','A340-300');
Insert into BJ991090.AIRCRAFT (AIRCRAFTNO,MANUFACTURERNO,MODEL) values ('12','2','727-100');
Insert into BJ991090.AIRCRAFT (AIRCRAFTNO,MANUFACTURERNO,MODEL) values ('13','1','A321');
Insert into BJ991090.AIRCRAFT (AIRCRAFTNO,MANUFACTURERNO,MODEL) values ('14','1','A340-500');
Insert into BJ991090.AIRCRAFT (AIRCRAFTNO,MANUFACTURERNO,MODEL) values ('15','2','707');
Insert into BJ991090.AIRCRAFT (AIRCRAFTNO,MANUFACTURERNO,MODEL) values ('16','1','A330-300');
Insert into BJ991090.AIRCRAFT (AIRCRAFTNO,MANUFACTURERNO,MODEL) values ('17','2','717');
Insert into BJ991090.AIRCRAFT (AIRCRAFTNO,MANUFACTURERNO,MODEL) values ('18','2','737-200');
Insert into BJ991090.AIRCRAFT (AIRCRAFTNO,MANUFACTURERNO,MODEL) values ('19','1','A330-200');
REM INSERTING into BJ991090.AIRLINE
SET DEFINE OFF;
Insert into BJ991090.AIRLINE (AIRLINENO,NAME) values ('1','Aéreo Servicio Guerrero');
Insert into BJ991090.AIRLINE (AIRLINENO,NAME) values ('2','Qantas');
Insert into BJ991090.AIRLINE (AIRLINENO,NAME) values ('3','Aero Asia');
Insert into BJ991090.AIRLINE (AIRLINENO,NAME) values ('4','Danish Air Transport');
Insert into BJ991090.AIRLINE (AIRLINENO,NAME) values ('5','Delta');
Insert into BJ991090.AIRLINE (AIRLINENO,NAME) values ('6','British Airways');
Insert into BJ991090.AIRLINE (AIRLINENO,NAME) values ('7','Finnair');
Insert into BJ991090.AIRLINE (AIRLINENO,NAME) values ('8','Hong Kong Airlines Limited');
Insert into BJ991090.AIRLINE (AIRLINENO,NAME) values ('9','Korean Air');
Insert into BJ991090.AIRLINE (AIRLINENO,NAME) values ('10','Lübeck Air');
Insert into BJ991090.AIRLINE (AIRLINENO,NAME) values ('11','Aer Sicilia');
Insert into BJ991090.AIRLINE (AIRLINENO,NAME) values ('12','Iberia');
Insert into BJ991090.AIRLINE (AIRLINENO,NAME) values ('13','Congo Airways');
Insert into BJ991090.AIRLINE (AIRLINENO,NAME) values ('14','Vietnam National Airlines');
Insert into BJ991090.AIRLINE (AIRLINENO,NAME) values ('15','Air Astana');
Insert into BJ991090.AIRLINE (AIRLINENO,NAME) values ('16','Air Canada');
Insert into BJ991090.AIRLINE (AIRLINENO,NAME) values ('17','Bulgaria Air');
Insert into BJ991090.AIRLINE (AIRLINENO,NAME) values ('18','BRA Braathens Regional Airlines');
Insert into BJ991090.AIRLINE (AIRLINENO,NAME) values ('19','EVA Air');
Insert into BJ991090.AIRLINE (AIRLINENO,NAME) values ('20','Aeolian Airlines');
Insert into BJ991090.AIRLINE (AIRLINENO,NAME) values ('21','LOT Polish Airlines');
Insert into BJ991090.AIRLINE (AIRLINENO,NAME) values ('22','Malev Air');
Insert into BJ991090.AIRLINE (AIRLINENO,NAME) values ('23','Czech Airlines');
Insert into BJ991090.AIRLINE (AIRLINENO,NAME) values ('24','Nepal Airlines Corporation');
Insert into BJ991090.AIRLINE (AIRLINENO,NAME) values ('25','Garuda Airlines');
Insert into BJ991090.AIRLINE (AIRLINENO,NAME) values ('26','Aeroflot');
Insert into BJ991090.AIRLINE (AIRLINENO,NAME) values ('27','Japan Airlines');
Insert into BJ991090.AIRLINE (AIRLINENO,NAME) values ('28','Air India');
Insert into BJ991090.AIRLINE (AIRLINENO,NAME) values ('29','Biman Bangladesh Airlines');
Insert into BJ991090.AIRLINE (AIRLINENO,NAME) values ('30','Avianca Express');
REM INSERTING into BJ991090.AIRPORT
SET DEFINE OFF;
Insert into BJ991090.AIRPORT (AIRPORTNO,CITYNO,IATACODE,NAME) values ('1','1','99','Athens International Airport Eleftherios Venizelos');
Insert into BJ991090.AIRPORT (AIRPORTNO,CITYNO,IATACODE,NAME) values ('2','2','99','Budapest Ferenc Liszt International Airport');
Insert into BJ991090.AIRPORT (AIRPORTNO,CITYNO,IATACODE,NAME) values ('3','3','99','Canberra Airport');
Insert into BJ991090.AIRPORT (AIRPORTNO,CITYNO,IATACODE,NAME) values ('4','4','99','Chaklala Airport');
Insert into BJ991090.AIRPORT (AIRPORTNO,CITYNO,IATACODE,NAME) values ('5','5','99','Copenhagen Airport (Kastrup)');
Insert into BJ991090.AIRPORT (AIRPORTNO,CITYNO,IATACODE,NAME) values ('6','6','99','Dulles International Airport');
Insert into BJ991090.AIRPORT (AIRPORTNO,CITYNO,IATACODE,NAME) values ('7','7','99','El Dorado International Airport');
Insert into BJ991090.AIRPORT (AIRPORTNO,CITYNO,IATACODE,NAME) values ('8','8','99','Haneda Airport');
Insert into BJ991090.AIRPORT (AIRPORTNO,CITYNO,IATACODE,NAME) values ('9','9','99','Hazrat Shahjalal International Airport');
Insert into BJ991090.AIRPORT (AIRPORTNO,CITYNO,IATACODE,NAME) values ('10','10','99','Helsinki-Vantaa Airpor');
Insert into BJ991090.AIRPORT (AIRPORTNO,CITYNO,IATACODE,NAME) values ('11','11','99','Hong Kong International Airport');
Insert into BJ991090.AIRPORT (AIRPORTNO,CITYNO,IATACODE,NAME) values ('12','12','99','Incheon International Airport');
Insert into BJ991090.AIRPORT (AIRPORTNO,CITYNO,IATACODE,NAME) values ('13','13','99','Indira Gandhi International Airport');
Insert into BJ991090.AIRPORT (AIRPORTNO,CITYNO,IATACODE,NAME) values ('14','14','99','Jerusalem International Airport');
Insert into BJ991090.AIRPORT (AIRPORTNO,CITYNO,IATACODE,NAME) values ('15','15','99','L.F. Wade International Airport');
Insert into BJ991090.AIRPORT (AIRPORTNO,CITYNO,IATACODE,NAME) values ('16','16','99','Leonardo da Vinci–Fiumicino Airport');
Insert into BJ991090.AIRPORT (AIRPORTNO,CITYNO,IATACODE,NAME) values ('17','17','99','Madrid-Barajas Adolfo Suárez Airport');
Insert into BJ991090.AIRPORT (AIRPORTNO,CITYNO,IATACODE,NAME) values ('18','18','99','Mexico City International Airport');
Insert into BJ991090.AIRPORT (AIRPORTNO,CITYNO,IATACODE,NAME) values ('19','19','99','N djili Airport');
Insert into BJ991090.AIRPORT (AIRPORTNO,CITYNO,IATACODE,NAME) values ('20','20','99','Noi Bai International Airport');
Insert into BJ991090.AIRPORT (AIRPORTNO,CITYNO,IATACODE,NAME) values ('21','21','99','Nursultan Nazarbayev International Airport');
Insert into BJ991090.AIRPORT (AIRPORTNO,CITYNO,IATACODE,NAME) values ('22','22','99','Ottawa International Airport');
Insert into BJ991090.AIRPORT (AIRPORTNO,CITYNO,IATACODE,NAME) values ('23','23','99','Sheremetyevo International Airport.');
Insert into BJ991090.AIRPORT (AIRPORTNO,CITYNO,IATACODE,NAME) values ('24','24','99','Soekarno–Hatta International Airport');
Insert into BJ991090.AIRPORT (AIRPORTNO,CITYNO,IATACODE,NAME) values ('25','25','99','Sofia International Airport');
Insert into BJ991090.AIRPORT (AIRPORTNO,CITYNO,IATACODE,NAME) values ('26','26','99','Stockholm Arlanda Airport');
Insert into BJ991090.AIRPORT (AIRPORTNO,CITYNO,IATACODE,NAME) values ('27','27','99','Taiwan Taoyuan International Airport');
Insert into BJ991090.AIRPORT (AIRPORTNO,CITYNO,IATACODE,NAME) values ('28','28','99','Tribhuvan International Airport');
Insert into BJ991090.AIRPORT (AIRPORTNO,CITYNO,IATACODE,NAME) values ('29','29','99','Václav Havel Airport Prague');
Insert into BJ991090.AIRPORT (AIRPORTNO,CITYNO,IATACODE,NAME) values ('30','30','99','Warsaw Chopin Airport');
Insert into BJ991090.AIRPORT (AIRPORTNO,CITYNO,IATACODE,NAME) values ('31','31','99','Bujumbura International Airport');
Insert into BJ991090.AIRPORT (AIRPORTNO,CITYNO,IATACODE,NAME) values ('32','32','99','La Isabela International Airport');
Insert into BJ991090.AIRPORT (AIRPORTNO,CITYNO,IATACODE,NAME) values ('33','33','99','Cairo International Airport');
Insert into BJ991090.AIRPORT (AIRPORTNO,CITYNO,IATACODE,NAME) values ('34','34','99','Sarajevo International Airport');
Insert into BJ991090.AIRPORT (AIRPORTNO,CITYNO,IATACODE,NAME) values ('35','35','99','Singapore Changi Airport');
Insert into BJ991090.AIRPORT (AIRPORTNO,CITYNO,IATACODE,NAME) values ('36','36','99','Imam Khomeini Airport');
Insert into BJ991090.AIRPORT (AIRPORTNO,CITYNO,IATACODE,NAME) values ('37','37','99','José Martí international airport');
Insert into BJ991090.AIRPORT (AIRPORTNO,CITYNO,IATACODE,NAME) values ('38','38','99','Malta International Airport');
Insert into BJ991090.AIRPORT (AIRPORTNO,CITYNO,IATACODE,NAME) values ('39','39','99','Ministro Pistarini International Airport ');
Insert into BJ991090.AIRPORT (AIRPORTNO,CITYNO,IATACODE,NAME) values ('40','40','99','Arturo Merino Benítez International Airport');
Insert into BJ991090.AIRPORT (AIRPORTNO,CITYNO,IATACODE,NAME) values ('41','41','99','Ankara Esenboga Airport');
Insert into BJ991090.AIRPORT (AIRPORTNO,CITYNO,IATACODE,NAME) values ('42','42','99','Addis Ababa Bole International Airport');
Insert into BJ991090.AIRPORT (AIRPORTNO,CITYNO,IATACODE,NAME) values ('43','43','99','Beijing Capital International Airport');
Insert into BJ991090.AIRPORT (AIRPORTNO,CITYNO,IATACODE,NAME) values ('44','44','99','London International Airport');
Insert into BJ991090.AIRPORT (AIRPORTNO,CITYNO,IATACODE,NAME) values ('45','45','99','Berlin Tegel Airport');
Insert into BJ991090.AIRPORT (AIRPORTNO,CITYNO,IATACODE,NAME) values ('46','46','99','Vienna International Airport');
Insert into BJ991090.AIRPORT (AIRPORTNO,CITYNO,IATACODE,NAME) values ('47','47','99','Heydar Aliyev International Airport');
Insert into BJ991090.AIRPORT (AIRPORTNO,CITYNO,IATACODE,NAME) values ('48','48','99','Brasília–Presidente Juscelino Kubitschek International Airport
');
Insert into BJ991090.AIRPORT (AIRPORTNO,CITYNO,IATACODE,NAME) values ('49','49','99','Boryspil International Airport');
Insert into BJ991090.AIRPORT (AIRPORTNO,CITYNO,IATACODE,NAME) values ('50','50','99','Yaoundé-Nsimalen International Airport');
Insert into BJ991090.AIRPORT (AIRPORTNO,CITYNO,IATACODE,NAME) values ('51','51','99','Oslo Gardermoen Airport');
Insert into BJ991090.AIRPORT (AIRPORTNO,CITYNO,IATACODE,NAME) values ('52','52','99','Jorge Chavez International Airport');
Insert into BJ991090.AIRPORT (AIRPORTNO,CITYNO,IATACODE,NAME) values ('53','53','99','Suvarnabhumi Airport');
Insert into BJ991090.AIRPORT (AIRPORTNO,CITYNO,IATACODE,NAME) values ('54','54','99','Jomo Kenyatta International Airport');
Insert into BJ991090.AIRPORT (AIRPORTNO,CITYNO,IATACODE,NAME) values ('55','55','99','Ninoy Aquino International Airport');
Insert into BJ991090.AIRPORT (AIRPORTNO,CITYNO,IATACODE,NAME) values ('56','56','99','Maya Maya International Airport');
Insert into BJ991090.AIRPORT (AIRPORTNO,CITYNO,IATACODE,NAME) values ('57','57','99','Paris Charles de Gaulle Airport');
Insert into BJ991090.AIRPORT (AIRPORTNO,CITYNO,IATACODE,NAME) values ('58','58','99','La Aurora International Airport');
Insert into BJ991090.AIRPORT (AIRPORTNO,CITYNO,IATACODE,NAME) values ('59','59','99','King Khalid International Airport');
Insert into BJ991090.AIRPORT (AIRPORTNO,CITYNO,IATACODE,NAME) values ('60','60','99','Nice Côte Azur Airport');
REM INSERTING into BJ991090.CITY
SET DEFINE OFF;
Insert into BJ991090.CITY (CITYNO,COUNTRYNO,NAME,LATITUDE,LONGITUDE) values ('1','1','Athènes','37,9838','23,7275');
Insert into BJ991090.CITY (CITYNO,COUNTRYNO,NAME,LATITUDE,LONGITUDE) values ('2','2','Budapest','47,4979','19,0402');
Insert into BJ991090.CITY (CITYNO,COUNTRYNO,NAME,LATITUDE,LONGITUDE) values ('3','3','Canberra','-35,2809','149,13');
Insert into BJ991090.CITY (CITYNO,COUNTRYNO,NAME,LATITUDE,LONGITUDE) values ('4','4','Islamabad','33,6844','73,0479');
Insert into BJ991090.CITY (CITYNO,COUNTRYNO,NAME,LATITUDE,LONGITUDE) values ('5','5','Copenhague','55,6761','12,5683');
Insert into BJ991090.CITY (CITYNO,COUNTRYNO,NAME,LATITUDE,LONGITUDE) values ('6','6','Washington, D.C.','38,9072','-77,0369');
Insert into BJ991090.CITY (CITYNO,COUNTRYNO,NAME,LATITUDE,LONGITUDE) values ('7','7','Bogota','4,711','-74,0721');
Insert into BJ991090.CITY (CITYNO,COUNTRYNO,NAME,LATITUDE,LONGITUDE) values ('8','8','Tokyo','35,6762','139,6503');
Insert into BJ991090.CITY (CITYNO,COUNTRYNO,NAME,LATITUDE,LONGITUDE) values ('9','9','Dacca','23,8103','90,4125');
Insert into BJ991090.CITY (CITYNO,COUNTRYNO,NAME,LATITUDE,LONGITUDE) values ('10','10','Helsinki','60,1699','24,9384');
Insert into BJ991090.CITY (CITYNO,COUNTRYNO,NAME,LATITUDE,LONGITUDE) values ('11','11','Hong Kong','22,3193','114,1694');
Insert into BJ991090.CITY (CITYNO,COUNTRYNO,NAME,LATITUDE,LONGITUDE) values ('12','12','Séoul','37,5665','126,978');
Insert into BJ991090.CITY (CITYNO,COUNTRYNO,NAME,LATITUDE,LONGITUDE) values ('13','13','New Delhi','28,6139','77,209');
Insert into BJ991090.CITY (CITYNO,COUNTRYNO,NAME,LATITUDE,LONGITUDE) values ('14','14','Jésusalem','31,7683','35,2137');
Insert into BJ991090.CITY (CITYNO,COUNTRYNO,NAME,LATITUDE,LONGITUDE) values ('15','15','Hamilton','43,2557','-79,8711');
Insert into BJ991090.CITY (CITYNO,COUNTRYNO,NAME,LATITUDE,LONGITUDE) values ('16','16','Rome','41,9028','12,4964');
Insert into BJ991090.CITY (CITYNO,COUNTRYNO,NAME,LATITUDE,LONGITUDE) values ('17','17','Madrid','40,4168','-3,7038');
Insert into BJ991090.CITY (CITYNO,COUNTRYNO,NAME,LATITUDE,LONGITUDE) values ('18','18','Mexico','19,4326','-99,1332');
Insert into BJ991090.CITY (CITYNO,COUNTRYNO,NAME,LATITUDE,LONGITUDE) values ('19','19','Kinshasa','-4,4419','15,2663');
Insert into BJ991090.CITY (CITYNO,COUNTRYNO,NAME,LATITUDE,LONGITUDE) values ('20','20','Hanoï','21,0278','105,8342');
Insert into BJ991090.CITY (CITYNO,COUNTRYNO,NAME,LATITUDE,LONGITUDE) values ('21','21','Noursoultan','51,1605','71,4704');
Insert into BJ991090.CITY (CITYNO,COUNTRYNO,NAME,LATITUDE,LONGITUDE) values ('22','22','Ottawa','45,4215','-75,6972');
Insert into BJ991090.CITY (CITYNO,COUNTRYNO,NAME,LATITUDE,LONGITUDE) values ('23','23','Moscou','55,7558','37,6173');
Insert into BJ991090.CITY (CITYNO,COUNTRYNO,NAME,LATITUDE,LONGITUDE) values ('24','24','Jakarta','-6,2088','106,8456');
Insert into BJ991090.CITY (CITYNO,COUNTRYNO,NAME,LATITUDE,LONGITUDE) values ('25','25','Sofia','42,6977','23,3219');
Insert into BJ991090.CITY (CITYNO,COUNTRYNO,NAME,LATITUDE,LONGITUDE) values ('26','26','Stockholm','59,3293','18,0686');
Insert into BJ991090.CITY (CITYNO,COUNTRYNO,NAME,LATITUDE,LONGITUDE) values ('27','27','Taipei','25,033','121,5654');
Insert into BJ991090.CITY (CITYNO,COUNTRYNO,NAME,LATITUDE,LONGITUDE) values ('28','28','Katmandou','27,7172','85,324');
Insert into BJ991090.CITY (CITYNO,COUNTRYNO,NAME,LATITUDE,LONGITUDE) values ('29','29','Prague','50,0755','14,4378');
Insert into BJ991090.CITY (CITYNO,COUNTRYNO,NAME,LATITUDE,LONGITUDE) values ('30','30','Varsovie','52,2297','21,0122');
Insert into BJ991090.CITY (CITYNO,COUNTRYNO,NAME,LATITUDE,LONGITUDE) values ('31','31','Bujumbura','-3,3614','29,3599');
Insert into BJ991090.CITY (CITYNO,COUNTRYNO,NAME,LATITUDE,LONGITUDE) values ('32','32','Santo Domingo','18,4861','-69,9312');
Insert into BJ991090.CITY (CITYNO,COUNTRYNO,NAME,LATITUDE,LONGITUDE) values ('33','33','Le Caire','30,0444','31,2357');
Insert into BJ991090.CITY (CITYNO,COUNTRYNO,NAME,LATITUDE,LONGITUDE) values ('34','34','Sarajevo','43,8563','18,4131');
Insert into BJ991090.CITY (CITYNO,COUNTRYNO,NAME,LATITUDE,LONGITUDE) values ('35','35','Singapour','1,3521','103,8198');
Insert into BJ991090.CITY (CITYNO,COUNTRYNO,NAME,LATITUDE,LONGITUDE) values ('36','36','Téhéran','35,6892','51,389');
Insert into BJ991090.CITY (CITYNO,COUNTRYNO,NAME,LATITUDE,LONGITUDE) values ('37','37','La Havane','23,1136','82,3666');
Insert into BJ991090.CITY (CITYNO,COUNTRYNO,NAME,LATITUDE,LONGITUDE) values ('38','38','La Valetta','35,8989','14,5146');
Insert into BJ991090.CITY (CITYNO,COUNTRYNO,NAME,LATITUDE,LONGITUDE) values ('39','39','Buenos Aires','-34,6037','-58,3816');
Insert into BJ991090.CITY (CITYNO,COUNTRYNO,NAME,LATITUDE,LONGITUDE) values ('40','40','Santiago','-33,4489','-70,6693');
Insert into BJ991090.CITY (CITYNO,COUNTRYNO,NAME,LATITUDE,LONGITUDE) values ('41','41','Ankara','39,9334','32,8597');
Insert into BJ991090.CITY (CITYNO,COUNTRYNO,NAME,LATITUDE,LONGITUDE) values ('42','42','Addis-Abeba','8,9806','38,7578');
Insert into BJ991090.CITY (CITYNO,COUNTRYNO,NAME,LATITUDE,LONGITUDE) values ('43','43','Beijing','39,9042','116,4074');
Insert into BJ991090.CITY (CITYNO,COUNTRYNO,NAME,LATITUDE,LONGITUDE) values ('44','44','Londres','51,5074','-0,1278');
Insert into BJ991090.CITY (CITYNO,COUNTRYNO,NAME,LATITUDE,LONGITUDE) values ('45','45','Berlin','52,52','13,405');
Insert into BJ991090.CITY (CITYNO,COUNTRYNO,NAME,LATITUDE,LONGITUDE) values ('46','46','Vienne','48,2082','16,3738');
Insert into BJ991090.CITY (CITYNO,COUNTRYNO,NAME,LATITUDE,LONGITUDE) values ('47','47','Bakou','40,1431','47,5769');
Insert into BJ991090.CITY (CITYNO,COUNTRYNO,NAME,LATITUDE,LONGITUDE) values ('48','48','Brasilia','-15,7975','-47,8919');
Insert into BJ991090.CITY (CITYNO,COUNTRYNO,NAME,LATITUDE,LONGITUDE) values ('49','49','Kiev','50,4501','30,5234');
Insert into BJ991090.CITY (CITYNO,COUNTRYNO,NAME,LATITUDE,LONGITUDE) values ('50','50','Yaoundé','3,848','11,5021');
Insert into BJ991090.CITY (CITYNO,COUNTRYNO,NAME,LATITUDE,LONGITUDE) values ('51','51','Oslo','59,9139','10,7522');
Insert into BJ991090.CITY (CITYNO,COUNTRYNO,NAME,LATITUDE,LONGITUDE) values ('52','52','Lima','-12,0464','-77,0428');
Insert into BJ991090.CITY (CITYNO,COUNTRYNO,NAME,LATITUDE,LONGITUDE) values ('53','53','Bangkok','13,7563','100,5018');
Insert into BJ991090.CITY (CITYNO,COUNTRYNO,NAME,LATITUDE,LONGITUDE) values ('54','54','Nairobi','-1,2921','36,8219');
Insert into BJ991090.CITY (CITYNO,COUNTRYNO,NAME,LATITUDE,LONGITUDE) values ('55','55','Manille','14,5995','120,9842');
Insert into BJ991090.CITY (CITYNO,COUNTRYNO,NAME,LATITUDE,LONGITUDE) values ('56','19','Brazzaville','-4,2634','15,2429');
Insert into BJ991090.CITY (CITYNO,COUNTRYNO,NAME,LATITUDE,LONGITUDE) values ('57','56','Paris','48,8566','2,3522');
Insert into BJ991090.CITY (CITYNO,COUNTRYNO,NAME,LATITUDE,LONGITUDE) values ('58','57','Guatemala','14,6349','-90,5069');
Insert into BJ991090.CITY (CITYNO,COUNTRYNO,NAME,LATITUDE,LONGITUDE) values ('59','58','Riyad','24,7136','46,6753');
Insert into BJ991090.CITY (CITYNO,COUNTRYNO,NAME,LATITUDE,LONGITUDE) values ('60','59','Monaco','43,7384','7,4246');
REM INSERTING into BJ991090.COUNTRY
SET DEFINE OFF;
Insert into BJ991090.COUNTRY (COUNTRYNO,NAME) values ('1','Grèce');
Insert into BJ991090.COUNTRY (COUNTRYNO,NAME) values ('2','Hongrie');
Insert into BJ991090.COUNTRY (COUNTRYNO,NAME) values ('3','Australie');
Insert into BJ991090.COUNTRY (COUNTRYNO,NAME) values ('4','Pakistan');
Insert into BJ991090.COUNTRY (COUNTRYNO,NAME) values ('5','Danemark');
Insert into BJ991090.COUNTRY (COUNTRYNO,NAME) values ('6','États-Unis');
Insert into BJ991090.COUNTRY (COUNTRYNO,NAME) values ('7','Colombie');
Insert into BJ991090.COUNTRY (COUNTRYNO,NAME) values ('8','Japon');
Insert into BJ991090.COUNTRY (COUNTRYNO,NAME) values ('9','Bangladesh');
Insert into BJ991090.COUNTRY (COUNTRYNO,NAME) values ('10','Finlande');
Insert into BJ991090.COUNTRY (COUNTRYNO,NAME) values ('11','Hong Kong');
Insert into BJ991090.COUNTRY (COUNTRYNO,NAME) values ('12','Corée du Sud');
Insert into BJ991090.COUNTRY (COUNTRYNO,NAME) values ('13','Inde');
Insert into BJ991090.COUNTRY (COUNTRYNO,NAME) values ('14','Palestine');
Insert into BJ991090.COUNTRY (COUNTRYNO,NAME) values ('15','Bermudes');
Insert into BJ991090.COUNTRY (COUNTRYNO,NAME) values ('16','Italie');
Insert into BJ991090.COUNTRY (COUNTRYNO,NAME) values ('17','Espagne');
Insert into BJ991090.COUNTRY (COUNTRYNO,NAME) values ('18','Mexique');
Insert into BJ991090.COUNTRY (COUNTRYNO,NAME) values ('19','Congo');
Insert into BJ991090.COUNTRY (COUNTRYNO,NAME) values ('20','Viêt Nam');
Insert into BJ991090.COUNTRY (COUNTRYNO,NAME) values ('21','Kazakhstan');
Insert into BJ991090.COUNTRY (COUNTRYNO,NAME) values ('22','Canada');
Insert into BJ991090.COUNTRY (COUNTRYNO,NAME) values ('23','Russie');
Insert into BJ991090.COUNTRY (COUNTRYNO,NAME) values ('24','Indonésie');
Insert into BJ991090.COUNTRY (COUNTRYNO,NAME) values ('25','Bulgarie');
Insert into BJ991090.COUNTRY (COUNTRYNO,NAME) values ('26','Suède');
Insert into BJ991090.COUNTRY (COUNTRYNO,NAME) values ('27','Taîwan');
Insert into BJ991090.COUNTRY (COUNTRYNO,NAME) values ('28','Népal');
Insert into BJ991090.COUNTRY (COUNTRYNO,NAME) values ('29','République tchèque');
Insert into BJ991090.COUNTRY (COUNTRYNO,NAME) values ('30','Pologne');
Insert into BJ991090.COUNTRY (COUNTRYNO,NAME) values ('31','Burundi');
Insert into BJ991090.COUNTRY (COUNTRYNO,NAME) values ('32','République dominicaine');
Insert into BJ991090.COUNTRY (COUNTRYNO,NAME) values ('33','Égypte');
Insert into BJ991090.COUNTRY (COUNTRYNO,NAME) values ('34','Bosnie-Herzégovine');
Insert into BJ991090.COUNTRY (COUNTRYNO,NAME) values ('35','Singapour');
Insert into BJ991090.COUNTRY (COUNTRYNO,NAME) values ('36','Iran');
Insert into BJ991090.COUNTRY (COUNTRYNO,NAME) values ('37','Cuba');
Insert into BJ991090.COUNTRY (COUNTRYNO,NAME) values ('38','Malte');
Insert into BJ991090.COUNTRY (COUNTRYNO,NAME) values ('39','Argentine');
Insert into BJ991090.COUNTRY (COUNTRYNO,NAME) values ('40','Chili');
Insert into BJ991090.COUNTRY (COUNTRYNO,NAME) values ('41','Turquie');
Insert into BJ991090.COUNTRY (COUNTRYNO,NAME) values ('42','Éthiopie');
Insert into BJ991090.COUNTRY (COUNTRYNO,NAME) values ('43','Chine');
Insert into BJ991090.COUNTRY (COUNTRYNO,NAME) values ('44','Royaume-Uni');
Insert into BJ991090.COUNTRY (COUNTRYNO,NAME) values ('45','Allemagne');
Insert into BJ991090.COUNTRY (COUNTRYNO,NAME) values ('46','Autriche');
Insert into BJ991090.COUNTRY (COUNTRYNO,NAME) values ('47','Azerbaïdjan');
Insert into BJ991090.COUNTRY (COUNTRYNO,NAME) values ('48','Brésil');
Insert into BJ991090.COUNTRY (COUNTRYNO,NAME) values ('49','Ukraine');
Insert into BJ991090.COUNTRY (COUNTRYNO,NAME) values ('50','Cameroun');
Insert into BJ991090.COUNTRY (COUNTRYNO,NAME) values ('51','Norvège');
Insert into BJ991090.COUNTRY (COUNTRYNO,NAME) values ('52','Pérou');
Insert into BJ991090.COUNTRY (COUNTRYNO,NAME) values ('53','Thaîlande');
Insert into BJ991090.COUNTRY (COUNTRYNO,NAME) values ('54','Kenya');
Insert into BJ991090.COUNTRY (COUNTRYNO,NAME) values ('55','Philippines');
Insert into BJ991090.COUNTRY (COUNTRYNO,NAME) values ('56','France');
Insert into BJ991090.COUNTRY (COUNTRYNO,NAME) values ('57','Guatémala');
Insert into BJ991090.COUNTRY (COUNTRYNO,NAME) values ('58','Arabie Saoudite');
Insert into BJ991090.COUNTRY (COUNTRYNO,NAME) values ('59','Monaco');
REM INSERTING into BJ991090.FLIGHT
SET DEFINE OFF;
Insert into BJ991090.FLIGHT (FLIGHTNO,DEPARTURETIME,ARRIVALTIME,AIRPORTDEPARTURENO,AIRPORTARRIVALNO,AIRCRAFTNO,AIRLINENO,DEPARTUREDATE,ARRIVALDATE) values ('1','03H15','09H30','1','31','5','20',to_date('21-12-05','RR-MM-DD'),to_date('21-12-05','RR-MM-DD'));
Insert into BJ991090.FLIGHT (FLIGHTNO,DEPARTURETIME,ARRIVALTIME,AIRPORTDEPARTURENO,AIRPORTARRIVALNO,AIRCRAFTNO,AIRLINENO,DEPARTUREDATE,ARRIVALDATE) values ('2','03H30','14H30','2','32','10','22',to_date('22-01-12','RR-MM-DD'),to_date('22-01-12','RR-MM-DD'));
Insert into BJ991090.FLIGHT (FLIGHTNO,DEPARTURETIME,ARRIVALTIME,AIRPORTDEPARTURENO,AIRPORTARRIVALNO,AIRCRAFTNO,AIRLINENO,DEPARTUREDATE,ARRIVALDATE) values ('3','12H10','06H25','3','33','2','2',to_date('21-12-09','RR-MM-DD'),to_date('21-12-10','RR-MM-DD'));
Insert into BJ991090.FLIGHT (FLIGHTNO,DEPARTURETIME,ARRIVALTIME,AIRPORTDEPARTURENO,AIRPORTARRIVALNO,AIRCRAFTNO,AIRLINENO,DEPARTUREDATE,ARRIVALDATE) values ('4','14H30','21H00','4','34','3','3',to_date('21-12-14','RR-MM-DD'),to_date('21-12-14','RR-MM-DD'));
Insert into BJ991090.FLIGHT (FLIGHTNO,DEPARTURETIME,ARRIVALTIME,AIRPORTDEPARTURENO,AIRPORTARRIVALNO,AIRCRAFTNO,AIRLINENO,DEPARTUREDATE,ARRIVALDATE) values ('5','23H20','12H20','5','35','4','4',to_date('21-09-08','RR-MM-DD'),to_date('21-09-09','RR-MM-DD'));
Insert into BJ991090.FLIGHT (FLIGHTNO,DEPARTURETIME,ARRIVALTIME,AIRPORTDEPARTURENO,AIRPORTARRIVALNO,AIRCRAFTNO,AIRLINENO,DEPARTUREDATE,ARRIVALDATE) values ('6','01H45','14H55','6','36','5','5',to_date('21-10-10','RR-MM-DD'),to_date('21-10-10','RR-MM-DD'));
Insert into BJ991090.FLIGHT (FLIGHTNO,DEPARTURETIME,ARRIVALTIME,AIRPORTDEPARTURENO,AIRPORTARRIVALNO,AIRCRAFTNO,AIRLINENO,DEPARTUREDATE,ARRIVALDATE) values ('7','08H30','11H45','7','37','6','30',to_date('21-09-27','RR-MM-DD'),to_date('21-09-27','RR-MM-DD'));
Insert into BJ991090.FLIGHT (FLIGHTNO,DEPARTURETIME,ARRIVALTIME,AIRPORTDEPARTURENO,AIRPORTARRIVALNO,AIRCRAFTNO,AIRLINENO,DEPARTUREDATE,ARRIVALDATE) values ('8','07H20','20H35','8','38','18','27',to_date('21-07-12','RR-MM-DD'),to_date('21-07-12','RR-MM-DD'));
Insert into BJ991090.FLIGHT (FLIGHTNO,DEPARTURETIME,ARRIVALTIME,AIRPORTDEPARTURENO,AIRPORTARRIVALNO,AIRCRAFTNO,AIRLINENO,DEPARTUREDATE,ARRIVALDATE) values ('9','06H30','03H50','9','39','14','29',to_date('21-11-19','RR-MM-DD'),to_date('21-11-20','RR-MM-DD'));
Insert into BJ991090.FLIGHT (FLIGHTNO,DEPARTURETIME,ARRIVALTIME,AIRPORTDEPARTURENO,AIRPORTARRIVALNO,AIRCRAFTNO,AIRLINENO,DEPARTUREDATE,ARRIVALDATE) values ('10','02H20','19H35','10','40','7','7',to_date('21-08-27','RR-MM-DD'),to_date('21-08-27','RR-MM-DD'));
Insert into BJ991090.FLIGHT (FLIGHTNO,DEPARTURETIME,ARRIVALTIME,AIRPORTDEPARTURENO,AIRPORTARRIVALNO,AIRCRAFTNO,AIRLINENO,DEPARTUREDATE,ARRIVALDATE) values ('11','10H05','20H10','11','41','19','8',to_date('21-09-02','RR-MM-DD'),to_date('21-09-02','RR-MM-DD'));
Insert into BJ991090.FLIGHT (FLIGHTNO,DEPARTURETIME,ARRIVALTIME,AIRPORTDEPARTURENO,AIRPORTARRIVALNO,AIRCRAFTNO,AIRLINENO,DEPARTUREDATE,ARRIVALDATE) values ('12','12H00','00H00','12','42','9','9',to_date('21-09-12','RR-MM-DD'),to_date('21-09-13','RR-MM-DD'));
Insert into BJ991090.FLIGHT (FLIGHTNO,DEPARTURETIME,ARRIVALTIME,AIRPORTDEPARTURENO,AIRPORTARRIVALNO,AIRCRAFTNO,AIRLINENO,DEPARTUREDATE,ARRIVALDATE) values ('13','06H10','11H20','13','43','17','28',to_date('21-10-04','RR-MM-DD'),to_date('21-10-04','RR-MM-DD'));
Insert into BJ991090.FLIGHT (FLIGHTNO,DEPARTURETIME,ARRIVALTIME,AIRPORTDEPARTURENO,AIRPORTARRIVALNO,AIRCRAFTNO,AIRLINENO,DEPARTUREDATE,ARRIVALDATE) values ('14','22H50','04H10','14','44','10','6',to_date('21-12-30','RR-MM-DD'),to_date('21-12-30','RR-MM-DD'));
Insert into BJ991090.FLIGHT (FLIGHTNO,DEPARTURETIME,ARRIVALTIME,AIRPORTDEPARTURENO,AIRPORTARRIVALNO,AIRCRAFTNO,AIRLINENO,DEPARTUREDATE,ARRIVALDATE) values ('15','10H45','19H15','15','45','11','10',to_date('21-11-30','RR-MM-DD'),to_date('21-11-30','RR-MM-DD'));
Insert into BJ991090.FLIGHT (FLIGHTNO,DEPARTURETIME,ARRIVALTIME,AIRPORTDEPARTURENO,AIRPORTARRIVALNO,AIRCRAFTNO,AIRLINENO,DEPARTUREDATE,ARRIVALDATE) values ('16','23H55','01H25','16','46','12','11',to_date('21-07-19','RR-MM-DD'),to_date('21-07-20','RR-MM-DD'));
Insert into BJ991090.FLIGHT (FLIGHTNO,DEPARTURETIME,ARRIVALTIME,AIRPORTDEPARTURENO,AIRPORTARRIVALNO,AIRCRAFTNO,AIRLINENO,DEPARTUREDATE,ARRIVALDATE) values ('17','11H00','17H00','17','47','13','12',to_date('22-01-02','RR-MM-DD'),to_date('22-01-02','RR-MM-DD'));
Insert into BJ991090.FLIGHT (FLIGHTNO,DEPARTURETIME,ARRIVALTIME,AIRPORTDEPARTURENO,AIRPORTARRIVALNO,AIRCRAFTNO,AIRLINENO,DEPARTUREDATE,ARRIVALDATE) values ('18','05H50','14H50','18','48','1','1',to_date('21-09-03','RR-MM-DD'),to_date('21-09-03','RR-MM-DD'));
Insert into BJ991090.FLIGHT (FLIGHTNO,DEPARTURETIME,ARRIVALTIME,AIRPORTDEPARTURENO,AIRPORTARRIVALNO,AIRCRAFTNO,AIRLINENO,DEPARTUREDATE,ARRIVALDATE) values ('19','13H05','21H20','19','49','14','13',to_date('21-11-14','RR-MM-DD'),to_date('21-11-14','RR-MM-DD'));
Insert into BJ991090.FLIGHT (FLIGHTNO,DEPARTURETIME,ARRIVALTIME,AIRPORTDEPARTURENO,AIRPORTARRIVALNO,AIRCRAFTNO,AIRLINENO,DEPARTUREDATE,ARRIVALDATE) values ('20','21H05','10H25','20','50','15','14',to_date('22-02-10','RR-MM-DD'),to_date('21-02-11','RR-MM-DD'));
Insert into BJ991090.FLIGHT (FLIGHTNO,DEPARTURETIME,ARRIVALTIME,AIRPORTDEPARTURENO,AIRPORTARRIVALNO,AIRCRAFTNO,AIRLINENO,DEPARTUREDATE,ARRIVALDATE) values ('21','20H40','01H55','21','51','16','15',to_date('21-09-17','RR-MM-DD'),to_date('21-09-18','RR-MM-DD'));
Insert into BJ991090.FLIGHT (FLIGHTNO,DEPARTURETIME,ARRIVALTIME,AIRPORTDEPARTURENO,AIRPORTARRIVALNO,AIRCRAFTNO,AIRLINENO,DEPARTUREDATE,ARRIVALDATE) values ('22','12H50','21H15','22','52','15','16',to_date('21-11-08','RR-MM-DD'),to_date('21-11-08','RR-MM-DD'));
Insert into BJ991090.FLIGHT (FLIGHTNO,DEPARTURETIME,ARRIVALTIME,AIRPORTDEPARTURENO,AIRPORTARRIVALNO,AIRCRAFTNO,AIRLINENO,DEPARTUREDATE,ARRIVALDATE) values ('23','05H25','14H40','23','53','16','26',to_date('21-11-24','RR-MM-DD'),to_date('21-11-24','RR-MM-DD'));
Insert into BJ991090.FLIGHT (FLIGHTNO,DEPARTURETIME,ARRIVALTIME,AIRPORTDEPARTURENO,AIRPORTARRIVALNO,AIRCRAFTNO,AIRLINENO,DEPARTUREDATE,ARRIVALDATE) values ('24','04H20','14H30','24','54','6','25',to_date('21-11-11','RR-MM-DD'),to_date('21-11-11','RR-MM-DD'));
Insert into BJ991090.FLIGHT (FLIGHTNO,DEPARTURETIME,ARRIVALTIME,AIRPORTDEPARTURENO,AIRPORTARRIVALNO,AIRCRAFTNO,AIRLINENO,DEPARTUREDATE,ARRIVALDATE) values ('25','06H15','18H35','25','55','17','17',to_date('21-10-15','RR-MM-DD'),to_date('21-10-15','RR-MM-DD'));
Insert into BJ991090.FLIGHT (FLIGHTNO,DEPARTURETIME,ARRIVALTIME,AIRPORTDEPARTURENO,AIRPORTARRIVALNO,AIRCRAFTNO,AIRLINENO,DEPARTUREDATE,ARRIVALDATE) values ('26','12H00','9H15 ','26','56','18','18',to_date('21-08-19','RR-MM-DD'),to_date('21-08-19','RR-MM-DD'));
Insert into BJ991090.FLIGHT (FLIGHTNO,DEPARTURETIME,ARRIVALTIME,AIRPORTDEPARTURENO,AIRPORTARRIVALNO,AIRCRAFTNO,AIRLINENO,DEPARTUREDATE,ARRIVALDATE) values ('27','18H50','07H35','27','57','19','19',to_date('21-12-01','RR-MM-DD'),to_date('21-12-02','RR-MM-DD'));
Insert into BJ991090.FLIGHT (FLIGHTNO,DEPARTURETIME,ARRIVALTIME,AIRPORTDEPARTURENO,AIRPORTARRIVALNO,AIRCRAFTNO,AIRLINENO,DEPARTUREDATE,ARRIVALDATE) values ('28','01H30','21H00','28','58','3','24',to_date('21-12-12','RR-MM-DD'),to_date('21-12-12','RR-MM-DD'));
Insert into BJ991090.FLIGHT (FLIGHTNO,DEPARTURETIME,ARRIVALTIME,AIRPORTDEPARTURENO,AIRPORTARRIVALNO,AIRCRAFTNO,AIRLINENO,DEPARTUREDATE,ARRIVALDATE) values ('29','03H45','09H10','29','59','12','23',to_date('21-10-07','RR-MM-DD'),to_date('21-10-07','RR-MM-DD'));
Insert into BJ991090.FLIGHT (FLIGHTNO,DEPARTURETIME,ARRIVALTIME,AIRPORTDEPARTURENO,AIRPORTARRIVALNO,AIRCRAFTNO,AIRLINENO,DEPARTUREDATE,ARRIVALDATE) values ('30','10H05','12H20','30','60','8','21',to_date('21-09-06','RR-MM-DD'),to_date('21-09-06','RR-MM-DD'));
REM INSERTING into BJ991090.MANUFACTURER
SET DEFINE OFF;
Insert into BJ991090.MANUFACTURER (MANUFACTURERNO,NAME) values ('1','Airbus');
Insert into BJ991090.MANUFACTURER (MANUFACTURERNO,NAME) values ('2','Boeing');
REM INSERTING into BJ991090.VOLS
SET DEFINE OFF;
Insert into BJ991090.VOLS (NOVOL,AERODEP,AEROARR,VILLEAERODEP,VILLEAEROARRIV,PAYSDEP,PAYSARRIV,DATEDEPART,DATEARRIVE,HEUREDEPART,HEUREARRIV,MODELAVION,NUMEROSERIEAVION,IATA,IMMATRIC,DEPCOOR,ARRCOOR,AIRLINE,TEMPSVOL) values ('1','Jerusalem International Airport','London International Airport','Jérusalem','Londre','Palestine','Royaume-Uni',to_date('21-12-30','RR-MM-DD'),to_date('21-12-30','RR-MM-DD'),'22H50','04H10','Airbus','A220-300','223','C-FANG','031.7683° N 035.2137° E','051.5074° N 000.1278° W','British Airways','5h20 ');
Insert into BJ991090.VOLS (NOVOL,AERODEP,AEROARR,VILLEAERODEP,VILLEAEROARRIV,PAYSDEP,PAYSARRIV,DATEDEPART,DATEARRIVE,HEUREDEPART,HEUREARRIV,MODELAVION,NUMEROSERIEAVION,IATA,IMMATRIC,DEPCOOR,ARRCOOR,AIRLINE,TEMPSVOL) values ('2','Copenhagen Airport (Kastrup)','Singapore Changi Airport','Copenhague','Singapour','Danemark','Singapour',to_date('21-09-08','RR-MM-DD'),to_date('21-09-09','RR-MM-DD'),'23H20','12H20','Airbus','A300-600','AB6','F-5YTT','055.6761° N 012.5683° E','001.3521° N 103.8198° E','Danish Air Transport','13h00');
Insert into BJ991090.VOLS (NOVOL,AERODEP,AEROARR,VILLEAERODEP,VILLEAEROARRIV,PAYSDEP,PAYSARRIV,DATEDEPART,DATEARRIVE,HEUREDEPART,HEUREARRIV,MODELAVION,NUMEROSERIEAVION,IATA,IMMATRIC,DEPCOOR,ARRCOOR,AIRLINE,TEMPSVOL) values ('3','Noi Bai International Airport','Yaoundé-Nsimalen International Airport','Hanoï','Yaoundé','Viêt Nam','Cameroun',to_date('22-02-10','RR-MM-DD'),to_date('21-02-11','RR-MM-DD'),'21H05','10H25','Boeing','707','703','R-U545','021.0278° N 105.8342° E','051.5074° N 000.1278° W','Vietnam National Airlines','13h20');
Insert into BJ991090.VOLS (NOVOL,AERODEP,AEROARR,VILLEAERODEP,VILLEAEROARRIV,PAYSDEP,PAYSARRIV,DATEDEPART,DATEARRIVE,HEUREDEPART,HEUREARRIV,MODELAVION,NUMEROSERIEAVION,IATA,IMMATRIC,DEPCOOR,ARRCOOR,AIRLINE,TEMPSVOL) values ('4','Madrid-Barajas Adolfo Suárez Airport','Heydar Aliyev International Airport','Madrid','Bakou','Espagne','Azerbaïdjan',to_date('22-01-02','RR-MM-DD'),to_date('22-01-02','RR-MM-DD'),'11H00','17H00','Airbus','A321','321','T-YYT7','040.4168° N 003.7038° W','003.8480° N 011.5021° E','Iberia','6h00 ');
Insert into BJ991090.VOLS (NOVOL,AERODEP,AEROARR,VILLEAERODEP,VILLEAEROARRIV,PAYSDEP,PAYSARRIV,DATEDEPART,DATEARRIVE,HEUREDEPART,HEUREARRIV,MODELAVION,NUMEROSERIEAVION,IATA,IMMATRIC,DEPCOOR,ARRCOOR,AIRLINE,TEMPSVOL) values ('5','Sofia International Airport','Ninoy Aquino International Airport','Sofia','Manille','Bulgarie','Philippines',to_date('21-10-15','RR-MM-DD'),to_date('21-10-15','RR-MM-DD'),'06H15','18H35','Boeing','717','717','DI-6544','042.6977° N 023.3219° E','014.5995° N 120.9842° E','Bulgaria Air','12h20');
Insert into BJ991090.VOLS (NOVOL,AERODEP,AEROARR,VILLEAERODEP,VILLEAEROARRIV,PAYSDEP,PAYSARRIV,DATEDEPART,DATEARRIVE,HEUREDEPART,HEUREARRIV,MODELAVION,NUMEROSERIEAVION,IATA,IMMATRIC,DEPCOOR,ARRCOOR,AIRLINE,TEMPSVOL) values ('6','Dulles International Airport','Imam Khomeini Airport','Washington, D.C.','Téhéran','États-Unis','Iran',to_date('21-10-10','RR-MM-DD'),to_date('21-10-10','RR-MM-DD'),'01H45','14H55','Boeing','720B','B72','H-7651','038.9072° N 077.0369° W','035.6892° N 051.3890° E','Delta','13h10');
Insert into BJ991090.VOLS (NOVOL,AERODEP,AEROARR,VILLEAERODEP,VILLEAEROARRIV,PAYSDEP,PAYSARRIV,DATEDEPART,DATEARRIVE,HEUREDEPART,HEUREARRIV,MODELAVION,NUMEROSERIEAVION,IATA,IMMATRIC,DEPCOOR,ARRCOOR,AIRLINE,TEMPSVOL) values ('7','Hong Kong International Airport','Ankara Esenboga Airport','Hong Kong','Ankara','Hong Kong','Turquie',to_date('21-09-02','RR-MM-DD'),to_date('21-09-02','RR-MM-DD'),'10H05','20H10','Boeing','787-10','781','GH-OIUD','022.3193° N 114.1694° E','039.9334° N, 032.8597° E','Hong Kong Airlines Limited','10h05');
Insert into BJ991090.VOLS (NOVOL,AERODEP,AEROARR,VILLEAERODEP,VILLEAEROARRIV,PAYSDEP,PAYSARRIV,DATEDEPART,DATEARRIVE,HEUREDEPART,HEUREARRIV,MODELAVION,NUMEROSERIEAVION,IATA,IMMATRIC,DEPCOOR,ARRCOOR,AIRLINE,TEMPSVOL) values ('8','Taiwan Taoyuan International Airport','Paris Charles de Gaulle Airport','Taipei','Paris','Taïwan','France',to_date('21-12-01','RR-MM-DD'),to_date('21-12-02','RR-MM-DD'),'18H50','07H35','Airbus','A330-200','332','PK-G336','025.0330° N 121.5654° E','048.8566° N 002.3522° E','EVA Air','12h45');
Insert into BJ991090.VOLS (NOVOL,AERODEP,AEROARR,VILLEAERODEP,VILLEAEROARRIV,PAYSDEP,PAYSARRIV,DATEDEPART,DATEARRIVE,HEUREDEPART,HEUREARRIV,MODELAVION,NUMEROSERIEAVION,IATA,IMMATRIC,DEPCOOR,ARRCOOR,AIRLINE,TEMPSVOL) values ('9','Stockholm Arlanda Airport','Maya Maya International Airport','Stockholm','Brazzaville','Suède','Congo',to_date('21-08-19','RR-MM-DD'),to_date('21-08-19','RR-MM-DD'),'12H00','9H15 ','Boeing','737-200','732','RE-BES7','059.3293° N 018.0686° E','004.2634° S 015.2429° E','BRA Braathens Regional Airlines','9h15 ');
Insert into BJ991090.VOLS (NOVOL,AERODEP,AEROARR,VILLEAERODEP,VILLEAEROARRIV,PAYSDEP,PAYSARRIV,DATEDEPART,DATEARRIVE,HEUREDEPART,HEUREARRIV,MODELAVION,NUMEROSERIEAVION,IATA,IMMATRIC,DEPCOOR,ARRCOOR,AIRLINE,TEMPSVOL) values ('10','Haneda Airport','Malta International Airport','Tokyo','La Valetta','Japon','Malte',to_date('21-07-12','RR-MM-DD'),to_date('21-07-12','RR-MM-DD'),'07H20','20H35','Airbus','A380-800','388','Z-6090','035.6762° N 139.6503° E','035.8989° N 014.5146° E','British Airways','13h15');
Insert into BJ991090.VOLS (NOVOL,AERODEP,AEROARR,VILLEAERODEP,VILLEAEROARRIV,PAYSDEP,PAYSARRIV,DATEDEPART,DATEARRIVE,HEUREDEPART,HEUREARRIV,MODELAVION,NUMEROSERIEAVION,IATA,IMMATRIC,DEPCOOR,ARRCOOR,AIRLINE,TEMPSVOL) values ('11','N djili Airport','Boryspil International Airport','Kinshasa','Kiev','RDC','Ukraine',to_date('21-11-14','RR-MM-DD'),to_date('21-11-14','RR-MM-DD'),'13H05','21H20','Airbus','A340-500','345','C-GFDS','004.4419° S 015.2663° E','050.4501° N 030.5234° E','Congo Airways','8h15 ');
Insert into BJ991090.VOLS (NOVOL,AERODEP,AEROARR,VILLEAERODEP,VILLEAEROARRIV,PAYSDEP,PAYSARRIV,DATEDEPART,DATEARRIVE,HEUREDEPART,HEUREARRIV,MODELAVION,NUMEROSERIEAVION,IATA,IMMATRIC,DEPCOOR,ARRCOOR,AIRLINE,TEMPSVOL) values ('12','Leonardo da Vinci–Fiumicino Airport','Vienna International Airport','Rome','Vienne','Italie','Autriche',to_date('21-07-19','RR-MM-DD'),to_date('21-07-20','RR-MM-DD'),'23H55','01H25','Boeing','727-100','721','E-BB11','041.9028° N 012.4964° E','048.2082° N 016.3738° E','Aer Sicilia','1h30 ');
Insert into BJ991090.VOLS (NOVOL,AERODEP,AEROARR,VILLEAERODEP,VILLEAEROARRIV,PAYSDEP,PAYSARRIV,DATEDEPART,DATEARRIVE,HEUREDEPART,HEUREARRIV,MODELAVION,NUMEROSERIEAVION,IATA,IMMATRIC,DEPCOOR,ARRCOOR,AIRLINE,TEMPSVOL) values ('13','Nursultan Nazarbayev International Airport','Oslo Gardermoen Airport','Noursoultan','Oslo','Kazakhstan','Norvège',to_date('21-09-17','RR-MM-DD'),to_date('21-09-18','RR-MM-DD'),'20H40','01H55','Airbus','A330-300','333','NN-G2DD','051.1605° N 071.4704° E','059.9139° N 010.7522° E','Air Astana','5h15 ');
Insert into BJ991090.VOLS (NOVOL,AERODEP,AEROARR,VILLEAERODEP,VILLEAEROARRIV,PAYSDEP,PAYSARRIV,DATEDEPART,DATEARRIVE,HEUREDEPART,HEUREARRIV,MODELAVION,NUMEROSERIEAVION,IATA,IMMATRIC,DEPCOOR,ARRCOOR,AIRLINE,TEMPSVOL) values ('14','Chaklala Airport','Sarajevo International Airport','Islamabad','Sarajevo','Pakistan','Bosnie-Herzégovine',to_date('21-12-14','RR-MM-DD'),to_date('21-12-14','RR-MM-DD'),'14H30','21H00','Airbus','A319','319','DF-TRGF','033.6844° N 073.0479° E','043.8563° N 018.4131° E','Aero Asia','6h30 ');
Insert into BJ991090.VOLS (NOVOL,AERODEP,AEROARR,VILLEAERODEP,VILLEAEROARRIV,PAYSDEP,PAYSARRIV,DATEDEPART,DATEARRIVE,HEUREDEPART,HEUREARRIV,MODELAVION,NUMEROSERIEAVION,IATA,IMMATRIC,DEPCOOR,ARRCOOR,AIRLINE,TEMPSVOL) values ('15','Canberra Airport','Cairo International Airport','Canberra','Le Caire','Australie','Égypte',to_date('21-12-09','RR-MM-DD'),to_date('21-12-10','RR-MM-DD'),'12H10','06H25','Boeing','747-200F','74X','K-7788','035.2809° S 149.1300° E','030.0444° N 031.2357° E','Qantas','18h15');
Insert into BJ991090.VOLS (NOVOL,AERODEP,AEROARR,VILLEAERODEP,VILLEAEROARRIV,PAYSDEP,PAYSARRIV,DATEDEPART,DATEARRIVE,HEUREDEPART,HEUREARRIV,MODELAVION,NUMEROSERIEAVION,IATA,IMMATRIC,DEPCOOR,ARRCOOR,AIRLINE,TEMPSVOL) values ('16','Ottawa International Airport','Jorge Chavez International Airport','Ottawa','Lima','Canada','Pérou',to_date('21-11-08','RR-MM-DD'),to_date('21-11-08','RR-MM-DD'),'12H50','21H15','Airbus','A319neo','31N','G-TRCC','045.4215° N 075.6972° W','012.0464° S 077.0428° W','Air Canada','8h25 ');
Insert into BJ991090.VOLS (NOVOL,AERODEP,AEROARR,VILLEAERODEP,VILLEAEROARRIV,PAYSDEP,PAYSARRIV,DATEDEPART,DATEARRIVE,HEUREDEPART,HEUREARRIV,MODELAVION,NUMEROSERIEAVION,IATA,IMMATRIC,DEPCOOR,ARRCOOR,AIRLINE,TEMPSVOL) values ('17','Helsinki-Vantaa Airpor','Arturo Merino Benítez International Airport','Helsinki','Santiago','Finlande','Chili',to_date('21-08-27','RR-MM-DD'),to_date('21-08-27','RR-MM-DD'),'02H20','19H35','Boeing','747SP','74L','Y-4442','060.1699° N 024.9384° E','033.4489° S 070.6693° W','Finnair','17h15');
Insert into BJ991090.VOLS (NOVOL,AERODEP,AEROARR,VILLEAERODEP,VILLEAEROARRIV,PAYSDEP,PAYSARRIV,DATEDEPART,DATEARRIVE,HEUREDEPART,HEUREARRIV,MODELAVION,NUMEROSERIEAVION,IATA,IMMATRIC,DEPCOOR,ARRCOOR,AIRLINE,TEMPSVOL) values ('18','L.F. Wade International Airport','Berlin Tegel Airport','Hamilton','Berlin','Bermudes','Allemagne',to_date('21-11-30','RR-MM-DD'),to_date('21-11-30','RR-MM-DD'),'10H45','19H15','Airbus','A340-300','343','V-5434','043.2557° N 079.8711° W','052.5200° N 013.4050° E','Lübeck Air','8h30 ');
Insert into BJ991090.VOLS (NOVOL,AERODEP,AEROARR,VILLEAERODEP,VILLEAEROARRIV,PAYSDEP,PAYSARRIV,DATEDEPART,DATEARRIVE,HEUREDEPART,HEUREARRIV,MODELAVION,NUMEROSERIEAVION,IATA,IMMATRIC,DEPCOOR,ARRCOOR,AIRLINE,TEMPSVOL) values ('19','Incheon International Airport','Addis Ababa Bole International Airport','Séoul','Addis-Abeba','Corée du Sud','Éthiopie',to_date('21-09-12','RR-MM-DD'),to_date('21-09-13','RR-MM-DD'),'12H00','00H00','Boeing','777-300','773','YT-0001','037.5665° N 126.9780° E','008.9806° N 038.7578° E','Korean Air','12h00');
Insert into BJ991090.VOLS (NOVOL,AERODEP,AEROARR,VILLEAERODEP,VILLEAEROARRIV,PAYSDEP,PAYSARRIV,DATEDEPART,DATEARRIVE,HEUREDEPART,HEUREARRIV,MODELAVION,NUMEROSERIEAVION,IATA,IMMATRIC,DEPCOOR,ARRCOOR,AIRLINE,TEMPSVOL) values ('20','Mexico City International Airport','Brasília–Presidente Juscelino Kubitschek International Airport','Mexico','Brasília','Mexique','Brésil',to_date('21-09-03','RR-MM-DD'),to_date('21-09-03','RR-MM-DD'),'06H05','15H05','Boeing','787-9','789','LK-5FFF','019.4326° N 099.1332° W','015.7975° S 047.8919° W','Aéreo Servicio Guerrero','9h00 ');
Insert into BJ991090.VOLS (NOVOL,AERODEP,AEROARR,VILLEAERODEP,VILLEAEROARRIV,PAYSDEP,PAYSARRIV,DATEDEPART,DATEARRIVE,HEUREDEPART,HEUREARRIV,MODELAVION,NUMEROSERIEAVION,IATA,IMMATRIC,DEPCOOR,ARRCOOR,AIRLINE,TEMPSVOL) values ('21','Warsaw Chopin Airport','Nice Côte Azur Airport','Varsovie','Monaco','Pologne','Monaco',to_date('21-09-06','RR-MM-DD'),to_date('21-09-06','RR-MM-DD'),'16H15','18h30','Boeing','787-9','789','HH-5432','019.4326° N 099.1332° W','015.7975° S 047.8919° W','Aéreo Servicio Guerrero','2h15 ');
Insert into BJ991090.VOLS (NOVOL,AERODEP,AEROARR,VILLEAERODEP,VILLEAEROARRIV,PAYSDEP,PAYSARRIV,DATEDEPART,DATEARRIVE,HEUREDEPART,HEUREARRIV,MODELAVION,NUMEROSERIEAVION,IATA,IMMATRIC,DEPCOOR,ARRCOOR,AIRLINE,TEMPSVOL) values ('22','Indira Gandhi International Airport','Beijing Capital International Airport','New Delhi','Beijing','Inde','Chine',to_date('21-10-04','RR-MM-DD'),to_date('21-10-04','RR-MM-DD'),'08H00','13H15','Airbus','787-9','789','L-POIU','019.4326° N 099.1332° W','015.7975° S 047.8919° W','Aéreo Servicio Guerrero','5h15 ');
Insert into BJ991090.VOLS (NOVOL,AERODEP,AEROARR,VILLEAERODEP,VILLEAEROARRIV,PAYSDEP,PAYSARRIV,DATEDEPART,DATEARRIVE,HEUREDEPART,HEUREARRIV,MODELAVION,NUMEROSERIEAVION,IATA,IMMATRIC,DEPCOOR,ARRCOOR,AIRLINE,TEMPSVOL) values ('23','Sheremetyevo International Airport.','Suvarnabhumi Airport','Moscou','Bangkok','Russie','Thaïlande',to_date('21-11-24','RR-MM-DD'),to_date('21-11-25','RR-MM-DD'),'22H30','7H45 ','Airbus','787-9','789','UY-5543','019.4326° N 099.1332° W','015.7975° S 047.8919° W','Aéreo Servicio Guerrero','9h15 ');
Insert into BJ991090.VOLS (NOVOL,AERODEP,AEROARR,VILLEAERODEP,VILLEAEROARRIV,PAYSDEP,PAYSARRIV,DATEDEPART,DATEARRIVE,HEUREDEPART,HEUREARRIV,MODELAVION,NUMEROSERIEAVION,IATA,IMMATRIC,DEPCOOR,ARRCOOR,AIRLINE,TEMPSVOL) values ('24','Soekarno–Hatta International Airport','Jomo Kenyatta International Airport','Jakarta','Nairobi','Indonésie','Kenya',to_date('21-11-11','RR-MM-DD'),to_date('21-11-12','RR-MM-DD'),'23H15','9H25 ','Airbus','787-9','789','TT-5UUU','019.4326° N 099.1332° W','015.7975° S 047.8919° W','Aéreo Servicio Guerrero','10h10');
Insert into BJ991090.VOLS (NOVOL,AERODEP,AEROARR,VILLEAERODEP,VILLEAEROARRIV,PAYSDEP,PAYSARRIV,DATEDEPART,DATEARRIVE,HEUREDEPART,HEUREARRIV,MODELAVION,NUMEROSERIEAVION,IATA,IMMATRIC,DEPCOOR,ARRCOOR,AIRLINE,TEMPSVOL) values ('25','Hazrat Shahjalal International Airport','Ministro Pistarini International Airport ','Dacca','Buenos Aires','Bangladesh','Argentine',to_date('21-12-19','RR-MM-DD'),to_date('21-12-20','RR-MM-DD'),'16H45','14H05','Boeing','787-9','789','C-TTT9','019.4326° N 099.1332° W','015.7975° S 047.8919° W','Aéreo Servicio Guerrero','21h20');
Insert into BJ991090.VOLS (NOVOL,AERODEP,AEROARR,VILLEAERODEP,VILLEAEROARRIV,PAYSDEP,PAYSARRIV,DATEDEPART,DATEARRIVE,HEUREDEPART,HEUREARRIV,MODELAVION,NUMEROSERIEAVION,IATA,IMMATRIC,DEPCOOR,ARRCOOR,AIRLINE,TEMPSVOL) values ('26','El Dorado International Airport','José Martí international airport','Bogota','La Havane','Colombie','Cuba',to_date('21-09-27','RR-MM-DD'),to_date('21-09-27','RR-MM-DD'),'01H00','04H15','Boeing','787-9','789','VV-9990','019.4326° N 099.1332° W','015.7975° S 047.8919° W','Aéreo Servicio Guerrero','3h15 ');
Insert into BJ991090.VOLS (NOVOL,AERODEP,AEROARR,VILLEAERODEP,VILLEAEROARRIV,PAYSDEP,PAYSARRIV,DATEDEPART,DATEARRIVE,HEUREDEPART,HEUREARRIV,MODELAVION,NUMEROSERIEAVION,IATA,IMMATRIC,DEPCOOR,ARRCOOR,AIRLINE,TEMPSVOL) values ('27','Budapest Ferenc Liszt International Airport','La Isabela International Airport','Budapest','Santo Domingo','Hongrie','Republique Dominicaine',to_date('22-01-12','RR-MM-DD'),to_date('22-01-13','RR-MM-DD'),'16H20','03H20','Boeing','787-9','789','JJ-000H','019.4326° N 099.1332° W','015.7975° S 047.8919° W','Aéreo Servicio Guerrero','11h00');
Insert into BJ991090.VOLS (NOVOL,AERODEP,AEROARR,VILLEAERODEP,VILLEAEROARRIV,PAYSDEP,PAYSARRIV,DATEDEPART,DATEARRIVE,HEUREDEPART,HEUREARRIV,MODELAVION,NUMEROSERIEAVION,IATA,IMMATRIC,DEPCOOR,ARRCOOR,AIRLINE,TEMPSVOL) values ('28','Václav Havel Airport Prague','King Khalid International Airport','Prague','Riyad','République tchèque','Arabie Saoudite',to_date('21-10-07','RR-MM-DD'),to_date('21-10-07','RR-MM-DD'),'13H30','18H55','Airbus','787-9','789','XX-XX56','019.4326° N 099.1332° W','015.7975° S 047.8919° W','Aéreo Servicio Guerrero','5h25 ');
Insert into BJ991090.VOLS (NOVOL,AERODEP,AEROARR,VILLEAERODEP,VILLEAEROARRIV,PAYSDEP,PAYSARRIV,DATEDEPART,DATEARRIVE,HEUREDEPART,HEUREARRIV,MODELAVION,NUMEROSERIEAVION,IATA,IMMATRIC,DEPCOOR,ARRCOOR,AIRLINE,TEMPSVOL) values ('29','Tribhuvan International Airport','La Aurora International Airport','Katmandou','Guatemala','Népal','Guatémala',to_date('21-12-12','RR-MM-DD'),to_date('21-12-13','RR-MM-DD'),'12H00','07H30','Airbus','787-9','789','QH-225H','019.4326° N 099.1332° W','015.7975° S 047.8919° W','Aéreo Servicio Guerrero','19h30');
Insert into BJ991090.VOLS (NOVOL,AERODEP,AEROARR,VILLEAERODEP,VILLEAEROARRIV,PAYSDEP,PAYSARRIV,DATEDEPART,DATEARRIVE,HEUREDEPART,HEUREARRIV,MODELAVION,NUMEROSERIEAVION,IATA,IMMATRIC,DEPCOOR,ARRCOOR,AIRLINE,TEMPSVOL) values ('30','Athens International Airport Eleftherios Venizelos','Bujumbura International Airport','Athènes','Bujumbura','Grèce','Burundi',to_date('21-12-05','RR-MM-DD'),to_date('21-12-05','RR-MM-DD'),'11H00','17H15','Airbus','787-9','789','LO-FFJJ','019.4326° N 099.1332° W','015.7975° S 047.8919° W','Aéreo Servicio Guerrero','6h15 ');
--------------------------------------------------------
--  DDL for Index FLIGHT_PK
--------------------------------------------------------

CREATE UNIQUE INDEX "BJ991090"."FLIGHT_PK" ON "BJ991090"."FLIGHT" ("FLIGHTNO")
  PCTFREE 10 INITRANS 2 MAXTRANS 255 COMPUTE STATISTICS
  STORAGE(INITIAL 65536 NEXT 65536 MINEXTENTS 1 MAXEXTENTS 2147483645
  PCTINCREASE 0 FREELISTS 1 FREELIST GROUPS 1 BUFFER_POOL DEFAULT FLASH_CACHE DEFAULT CELL_FLASH_CACHE DEFAULT)
   ;
--------------------------------------------------------
--  DDL for Index AIRPORT_PK
--------------------------------------------------------

  CREATE UNIQUE INDEX "BJ991090"."AIRPORT_PK" ON "BJ991090"."AIRPORT" ("AIRPORTNO")
  PCTFREE 10 INITRANS 2 MAXTRANS 255 COMPUTE STATISTICS
  STORAGE(INITIAL 65536 NEXT 65536 MINEXTENTS 1 MAXEXTENTS 2147483645
  PCTINCREASE 0 FREELISTS 1 FREELIST GROUPS 1 BUFFER_POOL DEFAULT FLASH_CACHE DEFAULT CELL_FLASH_CACHE DEFAULT)
   ;
--------------------------------------------------------
--  DDL for Index CITY_PK
--------------------------------------------------------

  CREATE UNIQUE INDEX "BJ991090"."CITY_PK" ON "BJ991090"."CITY" ("CITYNO")
  PCTFREE 10 INITRANS 2 MAXTRANS 255 COMPUTE STATISTICS
  STORAGE(INITIAL 65536 NEXT 65536 MINEXTENTS 1 MAXEXTENTS 2147483645
  PCTINCREASE 0 FREELISTS 1 FREELIST GROUPS 1 BUFFER_POOL DEFAULT FLASH_CACHE DEFAULT CELL_FLASH_CACHE DEFAULT)
   ;
--------------------------------------------------------
--  DDL for Index MANUFACTURER_PK
--------------------------------------------------------

  CREATE UNIQUE INDEX "BJ991090"."MANUFACTURER_PK" ON "BJ991090"."MANUFACTURER" ("MANUFACTURERNO")
  PCTFREE 10 INITRANS 2 MAXTRANS 255 COMPUTE STATISTICS
  STORAGE(INITIAL 65536 NEXT 65536 MINEXTENTS 1 MAXEXTENTS 2147483645
  PCTINCREASE 0 FREELISTS 1 FREELIST GROUPS 1 BUFFER_POOL DEFAULT FLASH_CACHE DEFAULT CELL_FLASH_CACHE DEFAULT)
   ;
--------------------------------------------------------
--  DDL for Index AIRCRAFT_PK
--------------------------------------------------------

  CREATE UNIQUE INDEX "BJ991090"."AIRCRAFT_PK" ON "BJ991090"."AIRCRAFT" ("AIRCRAFTNO")
  PCTFREE 10 INITRANS 2 MAXTRANS 255 COMPUTE STATISTICS
  STORAGE(INITIAL 65536 NEXT 65536 MINEXTENTS 1 MAXEXTENTS 2147483645
  PCTINCREASE 0 FREELISTS 1 FREELIST GROUPS 1 BUFFER_POOL DEFAULT FLASH_CACHE DEFAULT CELL_FLASH_CACHE DEFAULT)
   ;
--------------------------------------------------------
--  DDL for Index AIRLINE_PK
--------------------------------------------------------

  CREATE UNIQUE INDEX "BJ991090"."AIRLINE_PK" ON "BJ991090"."AIRLINE" ("AIRLINENO")
  PCTFREE 10 INITRANS 2 MAXTRANS 255 COMPUTE STATISTICS
  STORAGE(INITIAL 65536 NEXT 65536 MINEXTENTS 1 MAXEXTENTS 2147483645
  PCTINCREASE 0 FREELISTS 1 FREELIST GROUPS 1 BUFFER_POOL DEFAULT FLASH_CACHE DEFAULT CELL_FLASH_CACHE DEFAULT)
   ;
--------------------------------------------------------
--  DDL for Index COUNTRY_PK
--------------------------------------------------------

  CREATE UNIQUE INDEX "BJ991090"."COUNTRY_PK" ON "BJ991090"."COUNTRY" ("COUNTRYNO")
  PCTFREE 10 INITRANS 2 MAXTRANS 255 COMPUTE STATISTICS
  STORAGE(INITIAL 65536 NEXT 65536 MINEXTENTS 1 MAXEXTENTS 2147483645
  PCTINCREASE 0 FREELISTS 1 FREELIST GROUPS 1 BUFFER_POOL DEFAULT FLASH_CACHE DEFAULT CELL_FLASH_CACHE DEFAULT)
   ;
--------------------------------------------------------
--  Constraints for Table AIRPORT
--------------------------------------------------------

ALTER TABLE "BJ991090"."AIRPORT" ADD CONSTRAINT "AIRPORT_PK" PRIMARY KEY ("AIRPORTNO")
    USING INDEX PCTFREE 10 INITRANS 2 MAXTRANS 255 COMPUTE STATISTICS
  STORAGE(INITIAL 65536 NEXT 65536 MINEXTENTS 1 MAXEXTENTS 2147483645
  PCTINCREASE 0 FREELISTS 1 FREELIST GROUPS 1 BUFFER_POOL DEFAULT FLASH_CACHE DEFAULT CELL_FLASH_CACHE DEFAULT)
    ENABLE;

ALTER TABLE "BJ991090"."AIRPORT" MODIFY ("AIRPORTNO" NOT NULL ENABLE);

ALTER TABLE "BJ991090"."AIRPORT" MODIFY ("CITYNO" NOT NULL ENABLE);

ALTER TABLE "BJ991090"."AIRPORT" MODIFY ("IATACODE" NOT NULL ENABLE);

ALTER TABLE "BJ991090"."AIRPORT" MODIFY ("NAME" NOT NULL ENABLE);
--------------------------------------------------------
--  Constraints for Table COUNTRY
--------------------------------------------------------

ALTER TABLE "BJ991090"."COUNTRY" ADD CONSTRAINT "COUNTRY_PK" PRIMARY KEY ("COUNTRYNO")
    USING INDEX PCTFREE 10 INITRANS 2 MAXTRANS 255 COMPUTE STATISTICS
  STORAGE(INITIAL 65536 NEXT 65536 MINEXTENTS 1 MAXEXTENTS 2147483645
  PCTINCREASE 0 FREELISTS 1 FREELIST GROUPS 1 BUFFER_POOL DEFAULT FLASH_CACHE DEFAULT CELL_FLASH_CACHE DEFAULT)
    ENABLE;

ALTER TABLE "BJ991090"."COUNTRY" MODIFY ("COUNTRYNO" NOT NULL ENABLE);

ALTER TABLE "BJ991090"."COUNTRY" MODIFY ("NAME" NOT NULL ENABLE);
--------------------------------------------------------
--  Constraints for Table VOLS
--------------------------------------------------------

ALTER TABLE "BJ991090"."VOLS" MODIFY ("NOVOL" NOT NULL ENABLE);

ALTER TABLE "BJ991090"."VOLS" ADD CHECK (noVol > 0) ENABLE;

ALTER TABLE "BJ991090"."VOLS" ADD PRIMARY KEY ("NOVOL")
    USING INDEX PCTFREE 10 INITRANS 2 MAXTRANS 255 COMPUTE STATISTICS
  STORAGE(INITIAL 65536 NEXT 65536 MINEXTENTS 1 MAXEXTENTS 2147483645
  PCTINCREASE 0 FREELISTS 1 FREELIST GROUPS 1 BUFFER_POOL DEFAULT FLASH_CACHE DEFAULT CELL_FLASH_CACHE DEFAULT)
    ENABLE;
--------------------------------------------------------
--  Constraints for Table AIRLINE
--------------------------------------------------------

ALTER TABLE "BJ991090"."AIRLINE" ADD CONSTRAINT "AIRLINE_PK" PRIMARY KEY ("AIRLINENO")
    USING INDEX PCTFREE 10 INITRANS 2 MAXTRANS 255 COMPUTE STATISTICS
  STORAGE(INITIAL 65536 NEXT 65536 MINEXTENTS 1 MAXEXTENTS 2147483645
  PCTINCREASE 0 FREELISTS 1 FREELIST GROUPS 1 BUFFER_POOL DEFAULT FLASH_CACHE DEFAULT CELL_FLASH_CACHE DEFAULT)
    ENABLE;

ALTER TABLE "BJ991090"."AIRLINE" MODIFY ("AIRLINENO" NOT NULL ENABLE);

ALTER TABLE "BJ991090"."AIRLINE" MODIFY ("NAME" NOT NULL ENABLE);
--------------------------------------------------------
--  Constraints for Table MANUFACTURER
--------------------------------------------------------

ALTER TABLE "BJ991090"."MANUFACTURER" ADD CONSTRAINT "MANUFACTURER_PK" PRIMARY KEY ("MANUFACTURERNO")
    USING INDEX PCTFREE 10 INITRANS 2 MAXTRANS 255 COMPUTE STATISTICS
  STORAGE(INITIAL 65536 NEXT 65536 MINEXTENTS 1 MAXEXTENTS 2147483645
  PCTINCREASE 0 FREELISTS 1 FREELIST GROUPS 1 BUFFER_POOL DEFAULT FLASH_CACHE DEFAULT CELL_FLASH_CACHE DEFAULT)
    ENABLE;

ALTER TABLE "BJ991090"."MANUFACTURER" MODIFY ("MANUFACTURERNO" NOT NULL ENABLE);

ALTER TABLE "BJ991090"."MANUFACTURER" MODIFY ("NAME" NOT NULL ENABLE);
--------------------------------------------------------
--  Constraints for Table CITY
--------------------------------------------------------

ALTER TABLE "BJ991090"."CITY" ADD CONSTRAINT "CITY_PK" PRIMARY KEY ("CITYNO")
    USING INDEX PCTFREE 10 INITRANS 2 MAXTRANS 255 COMPUTE STATISTICS
  STORAGE(INITIAL 65536 NEXT 65536 MINEXTENTS 1 MAXEXTENTS 2147483645
  PCTINCREASE 0 FREELISTS 1 FREELIST GROUPS 1 BUFFER_POOL DEFAULT FLASH_CACHE DEFAULT CELL_FLASH_CACHE DEFAULT)
    ENABLE;

ALTER TABLE "BJ991090"."CITY" MODIFY ("CITYNO" NOT NULL ENABLE);

ALTER TABLE "BJ991090"."CITY" MODIFY ("COUNTRYNO" NOT NULL ENABLE);

ALTER TABLE "BJ991090"."CITY" MODIFY ("NAME" NOT NULL ENABLE);

ALTER TABLE "BJ991090"."CITY" MODIFY ("LATITUDE" NOT NULL ENABLE);

ALTER TABLE "BJ991090"."CITY" MODIFY ("LONGITUDE" NOT NULL ENABLE);
--------------------------------------------------------
--  Constraints for Table AIRCRAFT
--------------------------------------------------------

ALTER TABLE "BJ991090"."AIRCRAFT" ADD CONSTRAINT "AIRCRAFT_PK" PRIMARY KEY ("AIRCRAFTNO")
    USING INDEX PCTFREE 10 INITRANS 2 MAXTRANS 255 COMPUTE STATISTICS
  STORAGE(INITIAL 65536 NEXT 65536 MINEXTENTS 1 MAXEXTENTS 2147483645
  PCTINCREASE 0 FREELISTS 1 FREELIST GROUPS 1 BUFFER_POOL DEFAULT FLASH_CACHE DEFAULT CELL_FLASH_CACHE DEFAULT)
    ENABLE;

ALTER TABLE "BJ991090"."AIRCRAFT" MODIFY ("AIRCRAFTNO" NOT NULL ENABLE);

ALTER TABLE "BJ991090"."AIRCRAFT" MODIFY ("MANUFACTURERNO" NOT NULL ENABLE);

ALTER TABLE "BJ991090"."AIRCRAFT" MODIFY ("MODEL" NOT NULL ENABLE);
--------------------------------------------------------
--  Constraints for Table FLIGHT
--------------------------------------------------------

ALTER TABLE "BJ991090"."FLIGHT" ADD CONSTRAINT "FLIGHT_PK" PRIMARY KEY ("FLIGHTNO")
    USING INDEX PCTFREE 10 INITRANS 2 MAXTRANS 255 COMPUTE STATISTICS
  STORAGE(INITIAL 65536 NEXT 65536 MINEXTENTS 1 MAXEXTENTS 2147483645
  PCTINCREASE 0 FREELISTS 1 FREELIST GROUPS 1 BUFFER_POOL DEFAULT FLASH_CACHE DEFAULT CELL_FLASH_CACHE DEFAULT)
    ENABLE;

ALTER TABLE "BJ991090"."FLIGHT" MODIFY ("FLIGHTNO" NOT NULL ENABLE);

ALTER TABLE "BJ991090"."FLIGHT" MODIFY ("AIRPORTDEPARTURENO" NOT NULL ENABLE);

ALTER TABLE "BJ991090"."FLIGHT" MODIFY ("AIRPORTARRIVALNO" NOT NULL ENABLE);

ALTER TABLE "BJ991090"."FLIGHT" MODIFY ("AIRCRAFTNO" NOT NULL ENABLE);

ALTER TABLE "BJ991090"."FLIGHT" MODIFY ("AIRLINENO" NOT NULL ENABLE);

ALTER TABLE "BJ991090"."FLIGHT" MODIFY ("DEPARTURETIME" NOT NULL ENABLE);

ALTER TABLE "BJ991090"."FLIGHT" MODIFY ("ARRIVALTIME" NOT NULL ENABLE);
--------------------------------------------------------
--  Ref Constraints for Table AIRCRAFT
--------------------------------------------------------

ALTER TABLE "BJ991090"."AIRCRAFT" ADD CONSTRAINT "AIRCRAFT_FK1" FOREIGN KEY ("MANUFACTURERNO")
    REFERENCES "BJ991090"."MANUFACTURER" ("MANUFACTURERNO") ENABLE;
--------------------------------------------------------
--  Ref Constraints for Table AIRPORT
--------------------------------------------------------

ALTER TABLE "BJ991090"."AIRPORT" ADD CONSTRAINT "AIRPORT_FK1" FOREIGN KEY ("CITYNO")
    REFERENCES "BJ991090"."CITY" ("CITYNO") ENABLE;
--------------------------------------------------------
--  Ref Constraints for Table CITY
--------------------------------------------------------

ALTER TABLE "BJ991090"."CITY" ADD CONSTRAINT "CITY_FK1" FOREIGN KEY ("COUNTRYNO")
    REFERENCES "BJ991090"."COUNTRY" ("COUNTRYNO") ENABLE;
--------------------------------------------------------
--  Ref Constraints for Table FLIGHT
--------------------------------------------------------

ALTER TABLE "BJ991090"."FLIGHT" ADD CONSTRAINT "FLIGHT_FK1" FOREIGN KEY ("AIRPORTDEPARTURENO")
    REFERENCES "BJ991090"."AIRPORT" ("AIRPORTNO") ENABLE;

ALTER TABLE "BJ991090"."FLIGHT" ADD CONSTRAINT "FLIGHT_FK2" FOREIGN KEY ("AIRPORTARRIVALNO")
    REFERENCES "BJ991090"."AIRPORT" ("AIRPORTNO") ENABLE;

ALTER TABLE "BJ991090"."FLIGHT" ADD CONSTRAINT "FLIGHT_FK3" FOREIGN KEY ("AIRCRAFTNO")
    REFERENCES "BJ991090"."AIRCRAFT" ("AIRCRAFTNO") ENABLE;

ALTER TABLE "BJ991090"."FLIGHT" ADD CONSTRAINT "FLIGHT_FK4" FOREIGN KEY ("AIRLINENO")
    REFERENCES "BJ991090"."AIRLINE" ("AIRLINENO") ENABLE;
