--------------------------------------------------------
--  File created - Wednesday-July-14-2021   
--------------------------------------------------------
--------------------------------------------------------
--  DDL for Table AIRCRAFT
--------------------------------------------------------

  CREATE TABLE "BJ991090"."AIRCRAFT" 
   (	"AIRCRAFTNO" NUMBER, 
	"MANUFACTURERNO" NUMBER, 
	"MODEL" VARCHAR2(32 BYTE)
   ) SEGMENT CREATION IMMEDIATE 
  PCTFREE 10 PCTUSED 40 INITRANS 1 MAXTRANS 255 NOCOMPRESS LOGGING
  STORAGE(INITIAL 65536 NEXT 65536 MINEXTENTS 1 MAXEXTENTS 2147483645
  PCTINCREASE 0 FREELISTS 1 FREELIST GROUPS 1 BUFFER_POOL DEFAULT FLASH_CACHE DEFAULT CELL_FLASH_CACHE DEFAULT)
  TABLESPACE "INF3080_20211" ;
--------------------------------------------------------
--  DDL for Table AIRLINE
--------------------------------------------------------

  CREATE TABLE "BJ991090"."AIRLINE" 
   (	"AIRLINENO" NUMBER, 
	"NAME" VARCHAR2(64 BYTE)
   ) SEGMENT CREATION IMMEDIATE 
  PCTFREE 10 PCTUSED 40 INITRANS 1 MAXTRANS 255 NOCOMPRESS LOGGING
  STORAGE(INITIAL 65536 NEXT 65536 MINEXTENTS 1 MAXEXTENTS 2147483645
  PCTINCREASE 0 FREELISTS 1 FREELIST GROUPS 1 BUFFER_POOL DEFAULT FLASH_CACHE DEFAULT CELL_FLASH_CACHE DEFAULT)
  TABLESPACE "INF3080_20211" ;
--------------------------------------------------------
--  DDL for Table AIRPORT
--------------------------------------------------------

  CREATE TABLE "BJ991090"."AIRPORT" 
   (	"AIRPORTNO" NUMBER, 
	"CITYNO" NUMBER, 
	"IATACODE" VARCHAR2(3 BYTE), 
	"NAME" VARCHAR2(92 BYTE)
   ) SEGMENT CREATION IMMEDIATE 
  PCTFREE 10 PCTUSED 40 INITRANS 1 MAXTRANS 255 NOCOMPRESS LOGGING
  STORAGE(INITIAL 65536 NEXT 65536 MINEXTENTS 1 MAXEXTENTS 2147483645
  PCTINCREASE 0 FREELISTS 1 FREELIST GROUPS 1 BUFFER_POOL DEFAULT FLASH_CACHE DEFAULT CELL_FLASH_CACHE DEFAULT)
  TABLESPACE "INF3080_20211" ;
--------------------------------------------------------
--  DDL for Table CITY
--------------------------------------------------------

  CREATE TABLE "BJ991090"."CITY" 
   (	"CITYNO" NUMBER, 
	"COUNTRYNO" NUMBER, 
	"NAME" VARCHAR2(32 BYTE), 
	"LATITUDE" NUMBER(8,6), 
	"LONGITUDE" NUMBER(9,6)
   ) SEGMENT CREATION IMMEDIATE 
  PCTFREE 10 PCTUSED 40 INITRANS 1 MAXTRANS 255 NOCOMPRESS LOGGING
  STORAGE(INITIAL 65536 NEXT 65536 MINEXTENTS 1 MAXEXTENTS 2147483645
  PCTINCREASE 0 FREELISTS 1 FREELIST GROUPS 1 BUFFER_POOL DEFAULT FLASH_CACHE DEFAULT CELL_FLASH_CACHE DEFAULT)
  TABLESPACE "INF3080_20211" ;
--------------------------------------------------------
--  DDL for Table COUNTRY
--------------------------------------------------------

  CREATE TABLE "BJ991090"."COUNTRY" 
   (	"COUNTRYNO" NUMBER, 
	"NAME" VARCHAR2(32 BYTE)
   ) SEGMENT CREATION IMMEDIATE 
  PCTFREE 10 PCTUSED 40 INITRANS 1 MAXTRANS 255 NOCOMPRESS LOGGING
  STORAGE(INITIAL 65536 NEXT 65536 MINEXTENTS 1 MAXEXTENTS 2147483645
  PCTINCREASE 0 FREELISTS 1 FREELIST GROUPS 1 BUFFER_POOL DEFAULT FLASH_CACHE DEFAULT CELL_FLASH_CACHE DEFAULT)
  TABLESPACE "INF3080_20211" ;
--------------------------------------------------------
--  DDL for Table FLIGHT
--------------------------------------------------------

  CREATE TABLE "BJ991090"."FLIGHT" 
   (	"FLIGHTNO" NUMBER, 
	"DEPARTURETIME" VARCHAR2(5 BYTE), 
	"ARRIVALTIME" VARCHAR2(5 BYTE), 
	"AIRPORTDEPARTURENO" NUMBER, 
	"AIRPORTARRIVALNO" NUMBER, 
	"AIRCRAFTNO" NUMBER, 
	"AIRLINENO" NUMBER, 
	"DEPARTUREDATE" DATE, 
	"ARRIVALDATE" DATE
   ) SEGMENT CREATION IMMEDIATE 
  PCTFREE 10 PCTUSED 40 INITRANS 1 MAXTRANS 255 NOCOMPRESS LOGGING
  STORAGE(INITIAL 65536 NEXT 65536 MINEXTENTS 1 MAXEXTENTS 2147483645
  PCTINCREASE 0 FREELISTS 1 FREELIST GROUPS 1 BUFFER_POOL DEFAULT FLASH_CACHE DEFAULT CELL_FLASH_CACHE DEFAULT)
  TABLESPACE "INF3080_20211" ;
--------------------------------------------------------
--  DDL for Table MANUFACTURER
--------------------------------------------------------

  CREATE TABLE "BJ991090"."MANUFACTURER" 
   (	"MANUFACTURERNO" NUMBER, 
	"NAME" VARCHAR2(32 BYTE)
   ) SEGMENT CREATION IMMEDIATE 
  PCTFREE 10 PCTUSED 40 INITRANS 1 MAXTRANS 255 NOCOMPRESS LOGGING
  STORAGE(INITIAL 65536 NEXT 65536 MINEXTENTS 1 MAXEXTENTS 2147483645
  PCTINCREASE 0 FREELISTS 1 FREELIST GROUPS 1 BUFFER_POOL DEFAULT FLASH_CACHE DEFAULT CELL_FLASH_CACHE DEFAULT)
  TABLESPACE "INF3080_20211" ;
REM INSERTING into BJ991090.AIRCRAFT
SET DEFINE OFF;
Insert into BJ991090.AIRCRAFT (AIRCRAFTNO,MANUFACTURERNO,MODEL) values (1,2,'787-9');
Insert into BJ991090.AIRCRAFT (AIRCRAFTNO,MANUFACTURERNO,MODEL) values (2,2,'747-200F');
Insert into BJ991090.AIRCRAFT (AIRCRAFTNO,MANUFACTURERNO,MODEL) values (3,1,'A319');
Insert into BJ991090.AIRCRAFT (AIRCRAFTNO,MANUFACTURERNO,MODEL) values (4,1,'A300-600');
Insert into BJ991090.AIRCRAFT (AIRCRAFTNO,MANUFACTURERNO,MODEL) values (5,2,'720B');
Insert into BJ991090.AIRCRAFT (AIRCRAFTNO,MANUFACTURERNO,MODEL) values (6,1,'A380-800');
Insert into BJ991090.AIRCRAFT (AIRCRAFTNO,MANUFACTURERNO,MODEL) values (7,2,'747SP');
Insert into BJ991090.AIRCRAFT (AIRCRAFTNO,MANUFACTURERNO,MODEL) values (8,2,'787-10');
Insert into BJ991090.AIRCRAFT (AIRCRAFTNO,MANUFACTURERNO,MODEL) values (9,2,'777-300');
Insert into BJ991090.AIRCRAFT (AIRCRAFTNO,MANUFACTURERNO,MODEL) values (10,1,'A220-300');
Insert into BJ991090.AIRCRAFT (AIRCRAFTNO,MANUFACTURERNO,MODEL) values (11,1,'A340-300');
Insert into BJ991090.AIRCRAFT (AIRCRAFTNO,MANUFACTURERNO,MODEL) values (12,2,'727-100');
Insert into BJ991090.AIRCRAFT (AIRCRAFTNO,MANUFACTURERNO,MODEL) values (13,1,'A321');
Insert into BJ991090.AIRCRAFT (AIRCRAFTNO,MANUFACTURERNO,MODEL) values (14,1,'A340-500');
Insert into BJ991090.AIRCRAFT (AIRCRAFTNO,MANUFACTURERNO,MODEL) values (15,2,'707');
Insert into BJ991090.AIRCRAFT (AIRCRAFTNO,MANUFACTURERNO,MODEL) values (16,1,'A330-300');
Insert into BJ991090.AIRCRAFT (AIRCRAFTNO,MANUFACTURERNO,MODEL) values (17,2,'717');
Insert into BJ991090.AIRCRAFT (AIRCRAFTNO,MANUFACTURERNO,MODEL) values (18,2,'737-200');
Insert into BJ991090.AIRCRAFT (AIRCRAFTNO,MANUFACTURERNO,MODEL) values (19,1,'A330-200');
REM INSERTING into BJ991090.AIRLINE
SET DEFINE OFF;
Insert into BJ991090.AIRLINE (AIRLINENO,NAME) values (1,'Aéreo Servicio Guerrero');
Insert into BJ991090.AIRLINE (AIRLINENO,NAME) values (2,'Qantas');
Insert into BJ991090.AIRLINE (AIRLINENO,NAME) values (3,'Aero Asia');
Insert into BJ991090.AIRLINE (AIRLINENO,NAME) values (4,'Danish Air Transport');
Insert into BJ991090.AIRLINE (AIRLINENO,NAME) values (5,'Delta');
Insert into BJ991090.AIRLINE (AIRLINENO,NAME) values (6,'British Airways');
Insert into BJ991090.AIRLINE (AIRLINENO,NAME) values (7,'Finnair');
Insert into BJ991090.AIRLINE (AIRLINENO,NAME) values (8,'Hong Kong Airlines Limited');
Insert into BJ991090.AIRLINE (AIRLINENO,NAME) values (9,'Korean Air');
Insert into BJ991090.AIRLINE (AIRLINENO,NAME) values (10,'Lübeck Air');
Insert into BJ991090.AIRLINE (AIRLINENO,NAME) values (11,'Aer Sicilia');
Insert into BJ991090.AIRLINE (AIRLINENO,NAME) values (12,'Iberia');
Insert into BJ991090.AIRLINE (AIRLINENO,NAME) values (13,'Congo Airways');
Insert into BJ991090.AIRLINE (AIRLINENO,NAME) values (14,'Vietnam National Airlines');
Insert into BJ991090.AIRLINE (AIRLINENO,NAME) values (15,'Air Astana');
Insert into BJ991090.AIRLINE (AIRLINENO,NAME) values (16,'Air Canada');
Insert into BJ991090.AIRLINE (AIRLINENO,NAME) values (17,'Bulgaria Air');
Insert into BJ991090.AIRLINE (AIRLINENO,NAME) values (18,'BRA Braathens Regional Airlines');
Insert into BJ991090.AIRLINE (AIRLINENO,NAME) values (19,'EVA Air');
Insert into BJ991090.AIRLINE (AIRLINENO,NAME) values (20,'Aeolian Airlines');
Insert into BJ991090.AIRLINE (AIRLINENO,NAME) values (21,'LOT Polish Airlines');
Insert into BJ991090.AIRLINE (AIRLINENO,NAME) values (22,'Malev Air');
Insert into BJ991090.AIRLINE (AIRLINENO,NAME) values (23,'Czech Airlines');
Insert into BJ991090.AIRLINE (AIRLINENO,NAME) values (24,'Nepal Airlines Corporation');
Insert into BJ991090.AIRLINE (AIRLINENO,NAME) values (25,'Garuda Airlines');
Insert into BJ991090.AIRLINE (AIRLINENO,NAME) values (26,'Aeroflot');
Insert into BJ991090.AIRLINE (AIRLINENO,NAME) values (27,'Japan Airlines');
Insert into BJ991090.AIRLINE (AIRLINENO,NAME) values (28,'Air India');
Insert into BJ991090.AIRLINE (AIRLINENO,NAME) values (29,'Biman Bangladesh Airlines');
Insert into BJ991090.AIRLINE (AIRLINENO,NAME) values (30,'Avianca Express');
REM INSERTING into BJ991090.AIRPORT
SET DEFINE OFF;
Insert into BJ991090.AIRPORT (AIRPORTNO,CITYNO,IATACODE,NAME) values (1,1,'99','Athens International Airport Eleftherios Venizelos');
Insert into BJ991090.AIRPORT (AIRPORTNO,CITYNO,IATACODE,NAME) values (2,2,'99','Budapest Ferenc Liszt International Airport');
Insert into BJ991090.AIRPORT (AIRPORTNO,CITYNO,IATACODE,NAME) values (3,3,'99','Canberra Airport');
Insert into BJ991090.AIRPORT (AIRPORTNO,CITYNO,IATACODE,NAME) values (4,4,'99','Chaklala Airport');
Insert into BJ991090.AIRPORT (AIRPORTNO,CITYNO,IATACODE,NAME) values (5,5,'99','Copenhagen Airport (Kastrup)');
Insert into BJ991090.AIRPORT (AIRPORTNO,CITYNO,IATACODE,NAME) values (6,6,'99','Dulles International Airport');
Insert into BJ991090.AIRPORT (AIRPORTNO,CITYNO,IATACODE,NAME) values (7,7,'99','El Dorado International Airport');
Insert into BJ991090.AIRPORT (AIRPORTNO,CITYNO,IATACODE,NAME) values (8,8,'99','Haneda Airport');
Insert into BJ991090.AIRPORT (AIRPORTNO,CITYNO,IATACODE,NAME) values (9,9,'99','Hazrat Shahjalal International Airport');
Insert into BJ991090.AIRPORT (AIRPORTNO,CITYNO,IATACODE,NAME) values (10,10,'99','Helsinki-Vantaa Airpor');
Insert into BJ991090.AIRPORT (AIRPORTNO,CITYNO,IATACODE,NAME) values (11,11,'99','Hong Kong International Airport');
Insert into BJ991090.AIRPORT (AIRPORTNO,CITYNO,IATACODE,NAME) values (12,12,'99','Incheon International Airport');
Insert into BJ991090.AIRPORT (AIRPORTNO,CITYNO,IATACODE,NAME) values (13,13,'99','Indira Gandhi International Airport');
Insert into BJ991090.AIRPORT (AIRPORTNO,CITYNO,IATACODE,NAME) values (14,14,'99','Jerusalem International Airport');
Insert into BJ991090.AIRPORT (AIRPORTNO,CITYNO,IATACODE,NAME) values (15,15,'99','L.F. Wade International Airport');
Insert into BJ991090.AIRPORT (AIRPORTNO,CITYNO,IATACODE,NAME) values (16,16,'99','Leonardo da Vinci–Fiumicino Airport');
Insert into BJ991090.AIRPORT (AIRPORTNO,CITYNO,IATACODE,NAME) values (17,17,'99','Madrid-Barajas Adolfo Suárez Airport');
Insert into BJ991090.AIRPORT (AIRPORTNO,CITYNO,IATACODE,NAME) values (18,18,'99','Mexico City International Airport');
Insert into BJ991090.AIRPORT (AIRPORTNO,CITYNO,IATACODE,NAME) values (19,19,'99','N djili Airport');
Insert into BJ991090.AIRPORT (AIRPORTNO,CITYNO,IATACODE,NAME) values (20,20,'99','Noi Bai International Airport');
Insert into BJ991090.AIRPORT (AIRPORTNO,CITYNO,IATACODE,NAME) values (21,21,'99','Nursultan Nazarbayev International Airport');
Insert into BJ991090.AIRPORT (AIRPORTNO,CITYNO,IATACODE,NAME) values (22,22,'99','Ottawa International Airport');
Insert into BJ991090.AIRPORT (AIRPORTNO,CITYNO,IATACODE,NAME) values (23,23,'99','Sheremetyevo International Airport.');
Insert into BJ991090.AIRPORT (AIRPORTNO,CITYNO,IATACODE,NAME) values (24,24,'99','Soekarno–Hatta International Airport');
Insert into BJ991090.AIRPORT (AIRPORTNO,CITYNO,IATACODE,NAME) values (25,25,'99','Sofia International Airport');
Insert into BJ991090.AIRPORT (AIRPORTNO,CITYNO,IATACODE,NAME) values (26,26,'99','Stockholm Arlanda Airport');
Insert into BJ991090.AIRPORT (AIRPORTNO,CITYNO,IATACODE,NAME) values (27,27,'99','Taiwan Taoyuan International Airport');
Insert into BJ991090.AIRPORT (AIRPORTNO,CITYNO,IATACODE,NAME) values (28,28,'99','Tribhuvan International Airport');
Insert into BJ991090.AIRPORT (AIRPORTNO,CITYNO,IATACODE,NAME) values (29,29,'99','Václav Havel Airport Prague');
Insert into BJ991090.AIRPORT (AIRPORTNO,CITYNO,IATACODE,NAME) values (30,30,'99','Warsaw Chopin Airport');
Insert into BJ991090.AIRPORT (AIRPORTNO,CITYNO,IATACODE,NAME) values (31,31,'99','Bujumbura International Airport');
Insert into BJ991090.AIRPORT (AIRPORTNO,CITYNO,IATACODE,NAME) values (32,32,'99','La Isabela International Airport');
Insert into BJ991090.AIRPORT (AIRPORTNO,CITYNO,IATACODE,NAME) values (33,33,'99','Cairo International Airport');
Insert into BJ991090.AIRPORT (AIRPORTNO,CITYNO,IATACODE,NAME) values (34,34,'99','Sarajevo International Airport');
Insert into BJ991090.AIRPORT (AIRPORTNO,CITYNO,IATACODE,NAME) values (35,35,'99','Singapore Changi Airport');
Insert into BJ991090.AIRPORT (AIRPORTNO,CITYNO,IATACODE,NAME) values (36,36,'99','Imam Khomeini Airport');
Insert into BJ991090.AIRPORT (AIRPORTNO,CITYNO,IATACODE,NAME) values (37,37,'99','José Martí international airport');
Insert into BJ991090.AIRPORT (AIRPORTNO,CITYNO,IATACODE,NAME) values (38,38,'99','Malta International Airport');
Insert into BJ991090.AIRPORT (AIRPORTNO,CITYNO,IATACODE,NAME) values (39,39,'99','Ministro Pistarini International Airport ');
Insert into BJ991090.AIRPORT (AIRPORTNO,CITYNO,IATACODE,NAME) values (40,40,'99','Arturo Merino Benítez International Airport');
Insert into BJ991090.AIRPORT (AIRPORTNO,CITYNO,IATACODE,NAME) values (41,41,'99','Ankara Esenboga Airport');
Insert into BJ991090.AIRPORT (AIRPORTNO,CITYNO,IATACODE,NAME) values (42,42,'99','Addis Ababa Bole International Airport');
Insert into BJ991090.AIRPORT (AIRPORTNO,CITYNO,IATACODE,NAME) values (43,43,'99','Beijing Capital International Airport');
Insert into BJ991090.AIRPORT (AIRPORTNO,CITYNO,IATACODE,NAME) values (44,44,'99','London International Airport');
Insert into BJ991090.AIRPORT (AIRPORTNO,CITYNO,IATACODE,NAME) values (45,45,'99','Berlin Tegel Airport');
Insert into BJ991090.AIRPORT (AIRPORTNO,CITYNO,IATACODE,NAME) values (46,46,'99','Vienna International Airport');
Insert into BJ991090.AIRPORT (AIRPORTNO,CITYNO,IATACODE,NAME) values (47,47,'99','Heydar Aliyev International Airport');
Insert into BJ991090.AIRPORT (AIRPORTNO,CITYNO,IATACODE,NAME) values (48,48,'99','Brasília–Presidente Juscelino Kubitschek International Airport
');
Insert into BJ991090.AIRPORT (AIRPORTNO,CITYNO,IATACODE,NAME) values (49,49,'99','Boryspil International Airport');
Insert into BJ991090.AIRPORT (AIRPORTNO,CITYNO,IATACODE,NAME) values (50,50,'99','Yaoundé-Nsimalen International Airport');
Insert into BJ991090.AIRPORT (AIRPORTNO,CITYNO,IATACODE,NAME) values (51,51,'99','Oslo Gardermoen Airport');
Insert into BJ991090.AIRPORT (AIRPORTNO,CITYNO,IATACODE,NAME) values (52,52,'99','Jorge Chavez International Airport');
Insert into BJ991090.AIRPORT (AIRPORTNO,CITYNO,IATACODE,NAME) values (53,53,'99','Suvarnabhumi Airport');
Insert into BJ991090.AIRPORT (AIRPORTNO,CITYNO,IATACODE,NAME) values (54,54,'99','Jomo Kenyatta International Airport');
Insert into BJ991090.AIRPORT (AIRPORTNO,CITYNO,IATACODE,NAME) values (55,55,'99','Ninoy Aquino International Airport');
Insert into BJ991090.AIRPORT (AIRPORTNO,CITYNO,IATACODE,NAME) values (56,56,'99','Maya Maya International Airport');
Insert into BJ991090.AIRPORT (AIRPORTNO,CITYNO,IATACODE,NAME) values (57,57,'99','Paris Charles de Gaulle Airport');
Insert into BJ991090.AIRPORT (AIRPORTNO,CITYNO,IATACODE,NAME) values (58,58,'99','La Aurora International Airport');
Insert into BJ991090.AIRPORT (AIRPORTNO,CITYNO,IATACODE,NAME) values (59,59,'99','King Khalid International Airport');
Insert into BJ991090.AIRPORT (AIRPORTNO,CITYNO,IATACODE,NAME) values (60,60,'99','Nice Côte Azur Airport');
REM INSERTING into BJ991090.CITY
SET DEFINE OFF;
Insert into BJ991090.CITY (CITYNO,COUNTRYNO,NAME,LATITUDE,LONGITUDE) values (1,1,'Athènes',37.9838,23.7275);
Insert into BJ991090.CITY (CITYNO,COUNTRYNO,NAME,LATITUDE,LONGITUDE) values (2,2,'Budapest',47.4979,19.0402);
Insert into BJ991090.CITY (CITYNO,COUNTRYNO,NAME,LATITUDE,LONGITUDE) values (3,3,'Canberra',-35.2809,149.13);
Insert into BJ991090.CITY (CITYNO,COUNTRYNO,NAME,LATITUDE,LONGITUDE) values (4,4,'Islamabad',33.6844,73.0479);
Insert into BJ991090.CITY (CITYNO,COUNTRYNO,NAME,LATITUDE,LONGITUDE) values (5,5,'Copenhague',55.6761,12.5683);
Insert into BJ991090.CITY (CITYNO,COUNTRYNO,NAME,LATITUDE,LONGITUDE) values (6,6,'Washington, D.C.',38.9072,-77.0369);
Insert into BJ991090.CITY (CITYNO,COUNTRYNO,NAME,LATITUDE,LONGITUDE) values (7,7,'Bogota',4.711,-74.0721);
Insert into BJ991090.CITY (CITYNO,COUNTRYNO,NAME,LATITUDE,LONGITUDE) values (8,8,'Tokyo',35.6762,139.6503);
Insert into BJ991090.CITY (CITYNO,COUNTRYNO,NAME,LATITUDE,LONGITUDE) values (9,9,'Dacca',23.8103,90.4125);
Insert into BJ991090.CITY (CITYNO,COUNTRYNO,NAME,LATITUDE,LONGITUDE) values (10,10,'Helsinki',60.1699,24.9384);
Insert into BJ991090.CITY (CITYNO,COUNTRYNO,NAME,LATITUDE,LONGITUDE) values (11,11,'Hong Kong',22.3193,114.1694);
Insert into BJ991090.CITY (CITYNO,COUNTRYNO,NAME,LATITUDE,LONGITUDE) values (12,12,'Séoul',37.5665,126.978);
Insert into BJ991090.CITY (CITYNO,COUNTRYNO,NAME,LATITUDE,LONGITUDE) values (13,13,'New Delhi',28.6139,77.209);
Insert into BJ991090.CITY (CITYNO,COUNTRYNO,NAME,LATITUDE,LONGITUDE) values (14,14,'Jésusalem',31.7683,35.2137);
Insert into BJ991090.CITY (CITYNO,COUNTRYNO,NAME,LATITUDE,LONGITUDE) values (15,15,'Hamilton',43.2557,-79.8711);
Insert into BJ991090.CITY (CITYNO,COUNTRYNO,NAME,LATITUDE,LONGITUDE) values (16,16,'Rome',41.9028,12.4964);
Insert into BJ991090.CITY (CITYNO,COUNTRYNO,NAME,LATITUDE,LONGITUDE) values (17,17,'Madrid',40.4168,-3.7038);
Insert into BJ991090.CITY (CITYNO,COUNTRYNO,NAME,LATITUDE,LONGITUDE) values (18,18,'Mexico',19.4326,-99.1332);
Insert into BJ991090.CITY (CITYNO,COUNTRYNO,NAME,LATITUDE,LONGITUDE) values (19,19,'Kinshasa',-4.4419,15.2663);
Insert into BJ991090.CITY (CITYNO,COUNTRYNO,NAME,LATITUDE,LONGITUDE) values (20,20,'Hanoï',21.0278,105.8342);
Insert into BJ991090.CITY (CITYNO,COUNTRYNO,NAME,LATITUDE,LONGITUDE) values (21,21,'Noursoultan',51.1605,71.4704);
Insert into BJ991090.CITY (CITYNO,COUNTRYNO,NAME,LATITUDE,LONGITUDE) values (22,22,'Ottawa',45.4215,-75.6972);
Insert into BJ991090.CITY (CITYNO,COUNTRYNO,NAME,LATITUDE,LONGITUDE) values (23,23,'Moscou',55.7558,37.6173);
Insert into BJ991090.CITY (CITYNO,COUNTRYNO,NAME,LATITUDE,LONGITUDE) values (24,24,'Jakarta',-6.2088,106.8456);
Insert into BJ991090.CITY (CITYNO,COUNTRYNO,NAME,LATITUDE,LONGITUDE) values (25,25,'Sofia',42.6977,23.3219);
Insert into BJ991090.CITY (CITYNO,COUNTRYNO,NAME,LATITUDE,LONGITUDE) values (26,26,'Stockholm',59.3293,18.0686);
Insert into BJ991090.CITY (CITYNO,COUNTRYNO,NAME,LATITUDE,LONGITUDE) values (27,27,'Taipei',25.033,121.5654);
Insert into BJ991090.CITY (CITYNO,COUNTRYNO,NAME,LATITUDE,LONGITUDE) values (28,28,'Katmandou',27.7172,85.324);
Insert into BJ991090.CITY (CITYNO,COUNTRYNO,NAME,LATITUDE,LONGITUDE) values (29,29,'Prague',50.0755,14.4378);
Insert into BJ991090.CITY (CITYNO,COUNTRYNO,NAME,LATITUDE,LONGITUDE) values (30,30,'Varsovie',52.2297,21.0122);
Insert into BJ991090.CITY (CITYNO,COUNTRYNO,NAME,LATITUDE,LONGITUDE) values (31,31,'Bujumbura',-3.3614,29.3599);
Insert into BJ991090.CITY (CITYNO,COUNTRYNO,NAME,LATITUDE,LONGITUDE) values (32,32,'Santo Domingo',18.4861,-69.9312);
Insert into BJ991090.CITY (CITYNO,COUNTRYNO,NAME,LATITUDE,LONGITUDE) values (33,33,'Le Caire',30.0444,31.2357);
Insert into BJ991090.CITY (CITYNO,COUNTRYNO,NAME,LATITUDE,LONGITUDE) values (34,34,'Sarajevo',43.8563,18.4131);
Insert into BJ991090.CITY (CITYNO,COUNTRYNO,NAME,LATITUDE,LONGITUDE) values (35,35,'Singapour',1.3521,103.8198);
Insert into BJ991090.CITY (CITYNO,COUNTRYNO,NAME,LATITUDE,LONGITUDE) values (36,36,'Téhéran',35.6892,51.389);
Insert into BJ991090.CITY (CITYNO,COUNTRYNO,NAME,LATITUDE,LONGITUDE) values (37,37,'La Havane',23.1136,82.3666);
Insert into BJ991090.CITY (CITYNO,COUNTRYNO,NAME,LATITUDE,LONGITUDE) values (38,38,'La Valetta',35.8989,14.5146);
Insert into BJ991090.CITY (CITYNO,COUNTRYNO,NAME,LATITUDE,LONGITUDE) values (39,39,'Buenos Aires',-34.6037,-58.3816);
Insert into BJ991090.CITY (CITYNO,COUNTRYNO,NAME,LATITUDE,LONGITUDE) values (40,40,'Santiago',-33.4489,-70.6693);
Insert into BJ991090.CITY (CITYNO,COUNTRYNO,NAME,LATITUDE,LONGITUDE) values (41,41,'Ankara',39.9334,32.8597);
Insert into BJ991090.CITY (CITYNO,COUNTRYNO,NAME,LATITUDE,LONGITUDE) values (42,42,'Addis-Abeba',8.9806,38.7578);
Insert into BJ991090.CITY (CITYNO,COUNTRYNO,NAME,LATITUDE,LONGITUDE) values (43,43,'Beijing',39.9042,116.4074);
Insert into BJ991090.CITY (CITYNO,COUNTRYNO,NAME,LATITUDE,LONGITUDE) values (44,44,'Londres',51.5074,-0.1278);
Insert into BJ991090.CITY (CITYNO,COUNTRYNO,NAME,LATITUDE,LONGITUDE) values (45,45,'Berlin',52.52,13.405);
Insert into BJ991090.CITY (CITYNO,COUNTRYNO,NAME,LATITUDE,LONGITUDE) values (46,46,'Vienne',48.2082,16.3738);
Insert into BJ991090.CITY (CITYNO,COUNTRYNO,NAME,LATITUDE,LONGITUDE) values (47,47,'Bakou',40.1431,47.5769);
Insert into BJ991090.CITY (CITYNO,COUNTRYNO,NAME,LATITUDE,LONGITUDE) values (48,48,'Brasilia',-15.7975,-47.8919);
Insert into BJ991090.CITY (CITYNO,COUNTRYNO,NAME,LATITUDE,LONGITUDE) values (49,49,'Kiev',50.4501,30.5234);
Insert into BJ991090.CITY (CITYNO,COUNTRYNO,NAME,LATITUDE,LONGITUDE) values (50,50,'Yaoundé',3.848,11.5021);
Insert into BJ991090.CITY (CITYNO,COUNTRYNO,NAME,LATITUDE,LONGITUDE) values (51,51,'Oslo',59.9139,10.7522);
Insert into BJ991090.CITY (CITYNO,COUNTRYNO,NAME,LATITUDE,LONGITUDE) values (52,52,'Lima',-12.0464,-77.0428);
Insert into BJ991090.CITY (CITYNO,COUNTRYNO,NAME,LATITUDE,LONGITUDE) values (53,53,'Bangkok',13.7563,100.5018);
Insert into BJ991090.CITY (CITYNO,COUNTRYNO,NAME,LATITUDE,LONGITUDE) values (54,54,'Nairobi',-1.2921,36.8219);
Insert into BJ991090.CITY (CITYNO,COUNTRYNO,NAME,LATITUDE,LONGITUDE) values (55,55,'Manille',14.5995,120.9842);
Insert into BJ991090.CITY (CITYNO,COUNTRYNO,NAME,LATITUDE,LONGITUDE) values (56,19,'Brazzaville',-4.2634,15.2429);
Insert into BJ991090.CITY (CITYNO,COUNTRYNO,NAME,LATITUDE,LONGITUDE) values (57,56,'Paris',48.8566,2.3522);
Insert into BJ991090.CITY (CITYNO,COUNTRYNO,NAME,LATITUDE,LONGITUDE) values (58,57,'Guatemala',14.6349,-90.5069);
Insert into BJ991090.CITY (CITYNO,COUNTRYNO,NAME,LATITUDE,LONGITUDE) values (59,58,'Riyad',24.7136,46.6753);
Insert into BJ991090.CITY (CITYNO,COUNTRYNO,NAME,LATITUDE,LONGITUDE) values (60,59,'Monaco',43.7384,7.4246);
REM INSERTING into BJ991090.COUNTRY
SET DEFINE OFF;
Insert into BJ991090.COUNTRY (COUNTRYNO,NAME) values (1,'Grèce');
Insert into BJ991090.COUNTRY (COUNTRYNO,NAME) values (2,'Hongrie');
Insert into BJ991090.COUNTRY (COUNTRYNO,NAME) values (3,'Australie');
Insert into BJ991090.COUNTRY (COUNTRYNO,NAME) values (4,'Pakistan');
Insert into BJ991090.COUNTRY (COUNTRYNO,NAME) values (5,'Danemark');
Insert into BJ991090.COUNTRY (COUNTRYNO,NAME) values (6,'États-Unis');
Insert into BJ991090.COUNTRY (COUNTRYNO,NAME) values (7,'Colombie');
Insert into BJ991090.COUNTRY (COUNTRYNO,NAME) values (8,'Japon');
Insert into BJ991090.COUNTRY (COUNTRYNO,NAME) values (9,'Bangladesh');
Insert into BJ991090.COUNTRY (COUNTRYNO,NAME) values (10,'Finlande');
Insert into BJ991090.COUNTRY (COUNTRYNO,NAME) values (11,'Hong Kong');
Insert into BJ991090.COUNTRY (COUNTRYNO,NAME) values (12,'Corée du Sud');
Insert into BJ991090.COUNTRY (COUNTRYNO,NAME) values (13,'Inde');
Insert into BJ991090.COUNTRY (COUNTRYNO,NAME) values (14,'Palestine');
Insert into BJ991090.COUNTRY (COUNTRYNO,NAME) values (15,'Bermudes');
Insert into BJ991090.COUNTRY (COUNTRYNO,NAME) values (16,'Italie');
Insert into BJ991090.COUNTRY (COUNTRYNO,NAME) values (17,'Espagne');
Insert into BJ991090.COUNTRY (COUNTRYNO,NAME) values (18,'Mexique');
Insert into BJ991090.COUNTRY (COUNTRYNO,NAME) values (19,'Congo');
Insert into BJ991090.COUNTRY (COUNTRYNO,NAME) values (20,'Viêt Nam');
Insert into BJ991090.COUNTRY (COUNTRYNO,NAME) values (21,'Kazakhstan');
Insert into BJ991090.COUNTRY (COUNTRYNO,NAME) values (22,'Canada');
Insert into BJ991090.COUNTRY (COUNTRYNO,NAME) values (23,'Russie');
Insert into BJ991090.COUNTRY (COUNTRYNO,NAME) values (24,'Indonésie');
Insert into BJ991090.COUNTRY (COUNTRYNO,NAME) values (25,'Bulgarie');
Insert into BJ991090.COUNTRY (COUNTRYNO,NAME) values (26,'Suède');
Insert into BJ991090.COUNTRY (COUNTRYNO,NAME) values (27,'Taîwan');
Insert into BJ991090.COUNTRY (COUNTRYNO,NAME) values (28,'Népal');
Insert into BJ991090.COUNTRY (COUNTRYNO,NAME) values (29,'République tchèque');
Insert into BJ991090.COUNTRY (COUNTRYNO,NAME) values (30,'Pologne');
Insert into BJ991090.COUNTRY (COUNTRYNO,NAME) values (31,'Burundi');
Insert into BJ991090.COUNTRY (COUNTRYNO,NAME) values (32,'République dominicaine');
Insert into BJ991090.COUNTRY (COUNTRYNO,NAME) values (33,'Égypte');
Insert into BJ991090.COUNTRY (COUNTRYNO,NAME) values (34,'Bosnie-Herzégovine');
Insert into BJ991090.COUNTRY (COUNTRYNO,NAME) values (35,'Singapour');
Insert into BJ991090.COUNTRY (COUNTRYNO,NAME) values (36,'Iran');
Insert into BJ991090.COUNTRY (COUNTRYNO,NAME) values (37,'Cuba');
Insert into BJ991090.COUNTRY (COUNTRYNO,NAME) values (38,'Malte');
Insert into BJ991090.COUNTRY (COUNTRYNO,NAME) values (39,'Argentine');
Insert into BJ991090.COUNTRY (COUNTRYNO,NAME) values (40,'Chili');
Insert into BJ991090.COUNTRY (COUNTRYNO,NAME) values (41,'Turquie');
Insert into BJ991090.COUNTRY (COUNTRYNO,NAME) values (42,'Éthiopie');
Insert into BJ991090.COUNTRY (COUNTRYNO,NAME) values (43,'Chine');
Insert into BJ991090.COUNTRY (COUNTRYNO,NAME) values (44,'Royaume-Uni');
Insert into BJ991090.COUNTRY (COUNTRYNO,NAME) values (45,'Allemagne');
Insert into BJ991090.COUNTRY (COUNTRYNO,NAME) values (46,'Autriche');
Insert into BJ991090.COUNTRY (COUNTRYNO,NAME) values (47,'Azerbaïdjan');
Insert into BJ991090.COUNTRY (COUNTRYNO,NAME) values (48,'Brésil');
Insert into BJ991090.COUNTRY (COUNTRYNO,NAME) values (49,'Ukraine');
Insert into BJ991090.COUNTRY (COUNTRYNO,NAME) values (50,'Cameroun');
Insert into BJ991090.COUNTRY (COUNTRYNO,NAME) values (51,'Norvège');
Insert into BJ991090.COUNTRY (COUNTRYNO,NAME) values (52,'Pérou');
Insert into BJ991090.COUNTRY (COUNTRYNO,NAME) values (53,'Thaîlande');
Insert into BJ991090.COUNTRY (COUNTRYNO,NAME) values (54,'Kenya');
Insert into BJ991090.COUNTRY (COUNTRYNO,NAME) values (55,'Philippines');
Insert into BJ991090.COUNTRY (COUNTRYNO,NAME) values (56,'France');
Insert into BJ991090.COUNTRY (COUNTRYNO,NAME) values (57,'Guatémala');
Insert into BJ991090.COUNTRY (COUNTRYNO,NAME) values (58,'Arabie Saoudite');
Insert into BJ991090.COUNTRY (COUNTRYNO,NAME) values (59,'Monaco');
REM INSERTING into BJ991090.FLIGHT
SET DEFINE OFF;
Insert into BJ991090.FLIGHT (FLIGHTNO,DEPARTURETIME,ARRIVALTIME,AIRPORTDEPARTURENO,AIRPORTARRIVALNO,AIRCRAFTNO,AIRLINENO,DEPARTUREDATE,ARRIVALDATE) values (1,'03H15','09H30',1,31,5,20,to_date('21-12-05','RR-MM-DD'),to_date('21-12-05','RR-MM-DD'));
Insert into BJ991090.FLIGHT (FLIGHTNO,DEPARTURETIME,ARRIVALTIME,AIRPORTDEPARTURENO,AIRPORTARRIVALNO,AIRCRAFTNO,AIRLINENO,DEPARTUREDATE,ARRIVALDATE) values (2,'03H30','14H30',2,32,10,22,to_date('22-01-12','RR-MM-DD'),to_date('22-01-12','RR-MM-DD'));
Insert into BJ991090.FLIGHT (FLIGHTNO,DEPARTURETIME,ARRIVALTIME,AIRPORTDEPARTURENO,AIRPORTARRIVALNO,AIRCRAFTNO,AIRLINENO,DEPARTUREDATE,ARRIVALDATE) values (3,'12H10','06H25',3,33,2,2,to_date('21-12-09','RR-MM-DD'),to_date('21-12-10','RR-MM-DD'));
Insert into BJ991090.FLIGHT (FLIGHTNO,DEPARTURETIME,ARRIVALTIME,AIRPORTDEPARTURENO,AIRPORTARRIVALNO,AIRCRAFTNO,AIRLINENO,DEPARTUREDATE,ARRIVALDATE) values (4,'14H30','21H00',4,34,3,3,to_date('21-12-14','RR-MM-DD'),to_date('21-12-14','RR-MM-DD'));
Insert into BJ991090.FLIGHT (FLIGHTNO,DEPARTURETIME,ARRIVALTIME,AIRPORTDEPARTURENO,AIRPORTARRIVALNO,AIRCRAFTNO,AIRLINENO,DEPARTUREDATE,ARRIVALDATE) values (5,'23H20','12H20',5,35,4,4,to_date('21-09-08','RR-MM-DD'),to_date('21-09-09','RR-MM-DD'));
Insert into BJ991090.FLIGHT (FLIGHTNO,DEPARTURETIME,ARRIVALTIME,AIRPORTDEPARTURENO,AIRPORTARRIVALNO,AIRCRAFTNO,AIRLINENO,DEPARTUREDATE,ARRIVALDATE) values (6,'01H45','14H55',6,36,5,5,to_date('21-10-10','RR-MM-DD'),to_date('21-10-10','RR-MM-DD'));
Insert into BJ991090.FLIGHT (FLIGHTNO,DEPARTURETIME,ARRIVALTIME,AIRPORTDEPARTURENO,AIRPORTARRIVALNO,AIRCRAFTNO,AIRLINENO,DEPARTUREDATE,ARRIVALDATE) values (7,'08H30','11H45',7,37,6,30,to_date('21-09-27','RR-MM-DD'),to_date('21-09-27','RR-MM-DD'));
Insert into BJ991090.FLIGHT (FLIGHTNO,DEPARTURETIME,ARRIVALTIME,AIRPORTDEPARTURENO,AIRPORTARRIVALNO,AIRCRAFTNO,AIRLINENO,DEPARTUREDATE,ARRIVALDATE) values (8,'07H20','20H35',8,38,18,27,to_date('21-07-12','RR-MM-DD'),to_date('21-07-12','RR-MM-DD'));
Insert into BJ991090.FLIGHT (FLIGHTNO,DEPARTURETIME,ARRIVALTIME,AIRPORTDEPARTURENO,AIRPORTARRIVALNO,AIRCRAFTNO,AIRLINENO,DEPARTUREDATE,ARRIVALDATE) values (9,'06H30','03H50',9,39,14,29,to_date('21-11-19','RR-MM-DD'),to_date('21-11-20','RR-MM-DD'));
Insert into BJ991090.FLIGHT (FLIGHTNO,DEPARTURETIME,ARRIVALTIME,AIRPORTDEPARTURENO,AIRPORTARRIVALNO,AIRCRAFTNO,AIRLINENO,DEPARTUREDATE,ARRIVALDATE) values (10,'02H20','19H35',10,40,7,7,to_date('21-08-27','RR-MM-DD'),to_date('21-08-27','RR-MM-DD'));
Insert into BJ991090.FLIGHT (FLIGHTNO,DEPARTURETIME,ARRIVALTIME,AIRPORTDEPARTURENO,AIRPORTARRIVALNO,AIRCRAFTNO,AIRLINENO,DEPARTUREDATE,ARRIVALDATE) values (11,'10H05','20H10',11,41,19,8,to_date('21-09-02','RR-MM-DD'),to_date('21-09-02','RR-MM-DD'));
Insert into BJ991090.FLIGHT (FLIGHTNO,DEPARTURETIME,ARRIVALTIME,AIRPORTDEPARTURENO,AIRPORTARRIVALNO,AIRCRAFTNO,AIRLINENO,DEPARTUREDATE,ARRIVALDATE) values (12,'12H00','00H00',12,42,9,9,to_date('21-09-12','RR-MM-DD'),to_date('21-09-13','RR-MM-DD'));
Insert into BJ991090.FLIGHT (FLIGHTNO,DEPARTURETIME,ARRIVALTIME,AIRPORTDEPARTURENO,AIRPORTARRIVALNO,AIRCRAFTNO,AIRLINENO,DEPARTUREDATE,ARRIVALDATE) values (13,'06H10','11H20',13,43,17,28,to_date('21-10-04','RR-MM-DD'),to_date('21-10-04','RR-MM-DD'));
Insert into BJ991090.FLIGHT (FLIGHTNO,DEPARTURETIME,ARRIVALTIME,AIRPORTDEPARTURENO,AIRPORTARRIVALNO,AIRCRAFTNO,AIRLINENO,DEPARTUREDATE,ARRIVALDATE) values (14,'22H50','04H10',14,44,10,6,to_date('21-12-30','RR-MM-DD'),to_date('21-12-30','RR-MM-DD'));
Insert into BJ991090.FLIGHT (FLIGHTNO,DEPARTURETIME,ARRIVALTIME,AIRPORTDEPARTURENO,AIRPORTARRIVALNO,AIRCRAFTNO,AIRLINENO,DEPARTUREDATE,ARRIVALDATE) values (15,'10H45','19H15',15,45,11,10,to_date('21-11-30','RR-MM-DD'),to_date('21-11-30','RR-MM-DD'));
Insert into BJ991090.FLIGHT (FLIGHTNO,DEPARTURETIME,ARRIVALTIME,AIRPORTDEPARTURENO,AIRPORTARRIVALNO,AIRCRAFTNO,AIRLINENO,DEPARTUREDATE,ARRIVALDATE) values (16,'23H55','01H25',16,46,12,11,to_date('21-07-19','RR-MM-DD'),to_date('21-07-20','RR-MM-DD'));
Insert into BJ991090.FLIGHT (FLIGHTNO,DEPARTURETIME,ARRIVALTIME,AIRPORTDEPARTURENO,AIRPORTARRIVALNO,AIRCRAFTNO,AIRLINENO,DEPARTUREDATE,ARRIVALDATE) values (17,'11H00','17H00',17,47,13,12,to_date('22-01-02','RR-MM-DD'),to_date('22-01-02','RR-MM-DD'));
Insert into BJ991090.FLIGHT (FLIGHTNO,DEPARTURETIME,ARRIVALTIME,AIRPORTDEPARTURENO,AIRPORTARRIVALNO,AIRCRAFTNO,AIRLINENO,DEPARTUREDATE,ARRIVALDATE) values (18,'05H50','14H50',18,48,1,1,to_date('21-09-03','RR-MM-DD'),to_date('21-09-03','RR-MM-DD'));
Insert into BJ991090.FLIGHT (FLIGHTNO,DEPARTURETIME,ARRIVALTIME,AIRPORTDEPARTURENO,AIRPORTARRIVALNO,AIRCRAFTNO,AIRLINENO,DEPARTUREDATE,ARRIVALDATE) values (19,'13H05','21H20',19,49,14,13,to_date('21-11-14','RR-MM-DD'),to_date('21-11-14','RR-MM-DD'));
Insert into BJ991090.FLIGHT (FLIGHTNO,DEPARTURETIME,ARRIVALTIME,AIRPORTDEPARTURENO,AIRPORTARRIVALNO,AIRCRAFTNO,AIRLINENO,DEPARTUREDATE,ARRIVALDATE) values (20,'21H05','10H25',20,50,15,14,to_date('22-02-10','RR-MM-DD'),to_date('21-02-11','RR-MM-DD'));
Insert into BJ991090.FLIGHT (FLIGHTNO,DEPARTURETIME,ARRIVALTIME,AIRPORTDEPARTURENO,AIRPORTARRIVALNO,AIRCRAFTNO,AIRLINENO,DEPARTUREDATE,ARRIVALDATE) values (21,'20H40','01H55',21,51,16,15,to_date('21-09-17','RR-MM-DD'),to_date('21-09-18','RR-MM-DD'));
Insert into BJ991090.FLIGHT (FLIGHTNO,DEPARTURETIME,ARRIVALTIME,AIRPORTDEPARTURENO,AIRPORTARRIVALNO,AIRCRAFTNO,AIRLINENO,DEPARTUREDATE,ARRIVALDATE) values (22,'12H50','21H15',22,52,15,16,to_date('21-11-08','RR-MM-DD'),to_date('21-11-08','RR-MM-DD'));
Insert into BJ991090.FLIGHT (FLIGHTNO,DEPARTURETIME,ARRIVALTIME,AIRPORTDEPARTURENO,AIRPORTARRIVALNO,AIRCRAFTNO,AIRLINENO,DEPARTUREDATE,ARRIVALDATE) values (23,'05H25','14H40',23,53,16,26,to_date('21-11-24','RR-MM-DD'),to_date('21-11-24','RR-MM-DD'));
Insert into BJ991090.FLIGHT (FLIGHTNO,DEPARTURETIME,ARRIVALTIME,AIRPORTDEPARTURENO,AIRPORTARRIVALNO,AIRCRAFTNO,AIRLINENO,DEPARTUREDATE,ARRIVALDATE) values (24,'04H20','14H30',24,54,6,25,to_date('21-11-11','RR-MM-DD'),to_date('21-11-11','RR-MM-DD'));
Insert into BJ991090.FLIGHT (FLIGHTNO,DEPARTURETIME,ARRIVALTIME,AIRPORTDEPARTURENO,AIRPORTARRIVALNO,AIRCRAFTNO,AIRLINENO,DEPARTUREDATE,ARRIVALDATE) values (25,'06H15','18H35',25,55,17,17,to_date('21-10-15','RR-MM-DD'),to_date('21-10-15','RR-MM-DD'));
Insert into BJ991090.FLIGHT (FLIGHTNO,DEPARTURETIME,ARRIVALTIME,AIRPORTDEPARTURENO,AIRPORTARRIVALNO,AIRCRAFTNO,AIRLINENO,DEPARTUREDATE,ARRIVALDATE) values (26,'12H00','9H15 ',26,56,18,18,to_date('21-08-19','RR-MM-DD'),to_date('21-08-19','RR-MM-DD'));
Insert into BJ991090.FLIGHT (FLIGHTNO,DEPARTURETIME,ARRIVALTIME,AIRPORTDEPARTURENO,AIRPORTARRIVALNO,AIRCRAFTNO,AIRLINENO,DEPARTUREDATE,ARRIVALDATE) values (27,'18H50','07H35',27,57,19,19,to_date('21-12-01','RR-MM-DD'),to_date('21-12-02','RR-MM-DD'));
Insert into BJ991090.FLIGHT (FLIGHTNO,DEPARTURETIME,ARRIVALTIME,AIRPORTDEPARTURENO,AIRPORTARRIVALNO,AIRCRAFTNO,AIRLINENO,DEPARTUREDATE,ARRIVALDATE) values (28,'01H30','21H00',28,58,3,24,to_date('21-12-12','RR-MM-DD'),to_date('21-12-12','RR-MM-DD'));
Insert into BJ991090.FLIGHT (FLIGHTNO,DEPARTURETIME,ARRIVALTIME,AIRPORTDEPARTURENO,AIRPORTARRIVALNO,AIRCRAFTNO,AIRLINENO,DEPARTUREDATE,ARRIVALDATE) values (29,'03H45','09H10',29,59,12,23,to_date('21-10-07','RR-MM-DD'),to_date('21-10-07','RR-MM-DD'));
Insert into BJ991090.FLIGHT (FLIGHTNO,DEPARTURETIME,ARRIVALTIME,AIRPORTDEPARTURENO,AIRPORTARRIVALNO,AIRCRAFTNO,AIRLINENO,DEPARTUREDATE,ARRIVALDATE) values (30,'10H05','12H20',30,60,8,21,to_date('21-09-06','RR-MM-DD'),to_date('21-09-06','RR-MM-DD'));
REM INSERTING into BJ991090.MANUFACTURER
SET DEFINE OFF;
Insert into BJ991090.MANUFACTURER (MANUFACTURERNO,NAME) values (1,'Airbus');
Insert into BJ991090.MANUFACTURER (MANUFACTURERNO,NAME) values (2,'Boeing');
